[{"type_of":"article","id":1683382,"title":"Introducing InfraCloud's Career Laddering Framework","description":"You may agree that naming is everything in the software industry - from variable names to class...","readable_publish_date":"Nov 30 '23","slug":"introducing-infraclouds-career-laddering-framework-4loh","path":"/infracloud/introducing-infraclouds-career-laddering-framework-4loh","url":"https://dev.to/infracloud/introducing-infraclouds-career-laddering-framework-4loh","comments_count":0,"public_reactions_count":0,"collection_id":null,"published_timestamp":"2023-11-30T03:57:20Z","positive_reactions_count":0,"cover_image":"https://media.dev.to/cdn-cgi/image/width=1000,height=420,fit=cover,gravity=auto,format=auto/https%3A%2F%2Fdev-to-uploads.s3.amazonaws.com%2Fuploads%2Farticles%2Fg9ltx88wuh0d5uz6gc5v.png","social_image":"https://media.dev.to/cdn-cgi/image/width=1000,height=500,fit=cover,gravity=auto,format=auto/https%3A%2F%2Fdev-to-uploads.s3.amazonaws.com%2Fuploads%2Farticles%2Fg9ltx88wuh0d5uz6gc5v.png","canonical_url":"https://www.infracloud.io/blogs/infracloud-career-laddering-framework/","created_at":"2023-11-30T03:57:20Z","edited_at":null,"crossposted_at":null,"published_at":"2023-11-30T03:57:20Z","last_comment_at":"2023-11-30T03:57:20Z","reading_time_minutes":3,"tag_list":["career","careerladder","engineeringcareers"],"tags":"career, careerladder, engineeringcareers","user":{"name":"InfraCloud","username":"infracloudio","twitter_username":"infracloudio","github_username":null,"user_id":370154,"website_url":"https://www.infracloud.io","profile_image":"https://media.dev.to/cdn-cgi/image/width=640,height=640,fit=cover,gravity=auto,format=auto/https%3A%2F%2Fdev-to-uploads.s3.amazonaws.com%2Fuploads%2Fuser%2Fprofile_image%2F370154%2F80f07cc8-1a44-4003-9b95-32a498e4985e.jpg","profile_image_90":"https://media.dev.to/cdn-cgi/image/width=90,height=90,fit=cover,gravity=auto,format=auto/https%3A%2F%2Fdev-to-uploads.s3.amazonaws.com%2Fuploads%2Fuser%2Fprofile_image%2F370154%2F80f07cc8-1a44-4003-9b95-32a498e4985e.jpg"},"organization":{"name":"InfraCloud Technologies","username":"infracloud","slug":"infracloud","profile_image":"https://media.dev.to/cdn-cgi/image/width=640,height=640,fit=cover,gravity=auto,format=auto/https%3A%2F%2Fdev-to-uploads.s3.amazonaws.com%2Fuploads%2Forganization%2Fprofile_image%2F2341%2Fce0cd413-808c-4464-bb0a-ffa4ca2b8558.png","profile_image_90":"https://media.dev.to/cdn-cgi/image/width=90,height=90,fit=cover,gravity=auto,format=auto/https%3A%2F%2Fdev-to-uploads.s3.amazonaws.com%2Fuploads%2Forganization%2Fprofile_image%2F2341%2Fce0cd413-808c-4464-bb0a-ffa4ca2b8558.png"}},{"type_of":"article","id":215158,"title":"On the differences between being a tech lead and a senior engineer","description":"Photo by Jehyun Sung on Unsplash\n\n\n  \n  \n  The differences between being a tech l...","readable_publish_date":"Dec 6 '19","slug":"on-the-differences-between-being-a-tech-lead-and-a-senior-engineer-1j3f","path":"/dejavo/on-the-differences-between-being-a-tech-lead-and-a-senior-engineer-1j3f","url":"https://dev.to/dejavo/on-the-differences-between-being-a-tech-lead-and-a-senior-engineer-1j3f","comments_count":4,"public_reactions_count":58,"collection_id":null,"published_timestamp":"2019-12-06T14:44:38Z","positive_reactions_count":58,"cover_image":null,"social_image":"https://res.cloudinary.com/practicaldev/image/fetch/s--NaXTr1lG--/c_imagga_scale,f_auto,fl_progressive,h_500,q_auto,w_1000/https://cl.ly/51741d645f51/Image%25202019-12-07%2520at%25202.51.39%2520PM.png","canonical_url":"https://medium.com/@dvirsegal/on-the-differences-between-being-a-tech-lead-and-a-senior-engineer-74532a2deccd","created_at":"2019-12-04T11:51:28Z","edited_at":null,"crossposted_at":"2019-12-06T14:44:38Z","published_at":"2019-12-01T08:08:38Z","last_comment_at":"2022-10-20T10:08:50Z","reading_time_minutes":4,"tag_list":["careerladder","leadership","seniorengineer","techlead"],"tags":"careerladder, leadership, seniorengineer, techlead","user":{"name":"Dvir Segal","username":"dejavo","twitter_username":"dvir_segal","github_username":"dvirsegal","user_id":59447,"website_url":"https://medium.com/@dvirsegal","profile_image":"https://media.dev.to/cdn-cgi/image/width=640,height=640,fit=cover,gravity=auto,format=auto/https%3A%2F%2Fdev-to-uploads.s3.amazonaws.com%2Fuploads%2Fuser%2Fprofile_image%2F59447%2Fc8a2ea63-31c3-46b8-9f90-ef41497615bf.png","profile_image_90":"https://media.dev.to/cdn-cgi/image/width=90,height=90,fit=cover,gravity=auto,format=auto/https%3A%2F%2Fdev-to-uploads.s3.amazonaws.com%2Fuploads%2Fuser%2Fprofile_image%2F59447%2Fc8a2ea63-31c3-46b8-9f90-ef41497615bf.png"}},{"type_of":"article","id":133699,"title":"Sales and IT!","description":"Do you see yourself speaking in front 100 people? It sounds scary, right? I agree that leaving your c...","readable_publish_date":"Jul 31 '19","slug":"sales-and-it-42fk","path":"/fanmixco/sales-and-it-42fk","url":"https://dev.to/fanmixco/sales-and-it-42fk","comments_count":0,"public_reactions_count":5,"collection_id":null,"published_timestamp":"2019-07-31T09:25:37Z","positive_reactions_count":5,"cover_image":"https://res.cloudinary.com/practicaldev/image/fetch/s--jKM1VNjW--/c_imagga_scale,f_auto,fl_progressive,h_420,q_auto,w_1000/https://thepracticaldev.s3.amazonaws.com/i/wznue5fo9gpejlj337a3.jpg","social_image":"https://res.cloudinary.com/practicaldev/image/fetch/s--i-STJhhp--/c_imagga_scale,f_auto,fl_progressive,h_500,q_auto,w_1000/https://thepracticaldev.s3.amazonaws.com/i/wznue5fo9gpejlj337a3.jpg","canonical_url":"https://dev.to/fanmixco/sales-and-it-42fk","created_at":"2019-07-07T11:08:05Z","edited_at":"2020-02-14T15:28:21Z","crossposted_at":null,"published_at":"2019-07-31T09:25:37Z","last_comment_at":"2019-07-31T09:25:37Z","reading_time_minutes":4,"tag_list":["publicspeaking","sales","career","careerladder"],"tags":"publicspeaking, sales, career, careerladder","user":{"name":"Federico Navarrete","username":"fanmixco","twitter_username":"FedeStories","github_username":"FANMixco","user_id":190732,"website_url":"https://federiconavarrete.com","profile_image":"https://media.dev.to/cdn-cgi/image/width=640,height=640,fit=cover,gravity=auto,format=auto/https%3A%2F%2Fdev-to-uploads.s3.amazonaws.com%2Fuploads%2Fuser%2Fprofile_image%2F190732%2F85d47f1a-df71-4c20-ae8e-7a63db1dac5c.jpg","profile_image_90":"https://media.dev.to/cdn-cgi/image/width=90,height=90,fit=cover,gravity=auto,format=auto/https%3A%2F%2Fdev-to-uploads.s3.amazonaws.com%2Fuploads%2Fuser%2Fprofile_image%2F190732%2F85d47f1a-df71-4c20-ae8e-7a63db1dac5c.jpg"}}]