[{"type_of":"article","id":658083,"title":"Improving Your Communication Skills for Effective Leadership - Communication Skills Evaluation","description":"Learning effective communication skills is an essential process that allows you to express yourself a...","readable_publish_date":"Apr 7 '21","slug":"improving-your-communication-skills-for-effective-leadership-communication-skills-evaluation-268","path":"/jennifersoileau/improving-your-communication-skills-for-effective-leadership-communication-skills-evaluation-268","url":"https://dev.to/jennifersoileau/improving-your-communication-skills-for-effective-leadership-communication-skills-evaluation-268","comments_count":0,"public_reactions_count":2,"collection_id":null,"published_timestamp":"2021-04-07T19:10:34Z","positive_reactions_count":2,"cover_image":"https://media.dev.to/cdn-cgi/image/width=1000,height=420,fit=cover,gravity=auto,format=auto/https%3A%2F%2Fdev-to-uploads.s3.amazonaws.com%2Fuploads%2Farticles%2Fg6pj4b7f0elri6kf9qrg.jpg","social_image":"https://media.dev.to/cdn-cgi/image/width=1000,height=500,fit=cover,gravity=auto,format=auto/https%3A%2F%2Fdev-to-uploads.s3.amazonaws.com%2Fuploads%2Farticles%2Fg6pj4b7f0elri6kf9qrg.jpg","canonical_url":"https://dev.to/jennifersoileau/improving-your-communication-skills-for-effective-leadership-communication-skills-evaluation-268","created_at":"2021-04-07T19:10:34Z","edited_at":null,"crossposted_at":null,"published_at":"2021-04-07T19:10:34Z","last_comment_at":"2021-04-07T19:10:34Z","reading_time_minutes":2,"tag_list":["leadership","communicationskills","effectiveleadership","communication"],"tags":"leadership, communicationskills, effectiveleadership, communication","user":{"name":"jennifersoileau","username":"jennifersoileau","twitter_username":null,"github_username":"jennifersoileau","user_id":597606,"website_url":"https://www.searchmarketingexperts.com/content-marketing.php","profile_image":"https://media.dev.to/cdn-cgi/image/width=640,height=640,fit=cover,gravity=auto,format=auto/https%3A%2F%2Fdev-to-uploads.s3.amazonaws.com%2Fuploads%2Fuser%2Fprofile_image%2F597606%2F4c035d24-1183-4159-ae8b-755b1fbc994c.png","profile_image_90":"https://media.dev.to/cdn-cgi/image/width=90,height=90,fit=cover,gravity=auto,format=auto/https%3A%2F%2Fdev-to-uploads.s3.amazonaws.com%2Fuploads%2Fuser%2Fprofile_image%2F597606%2F4c035d24-1183-4159-ae8b-755b1fbc994c.png"}}]