[{"type_of":"article","id":1255878,"title":"Community of Practice for Engineering Leaders","description":"We are launching our first Community of Practice program on February 28th, 2023! This program is...","readable_publish_date":"Nov 14 '22","slug":"community-of-practice-for-engineering-leaders-4dbb","path":"/blackmillco/community-of-practice-for-engineering-leaders-4dbb","url":"https://dev.to/blackmillco/community-of-practice-for-engineering-leaders-4dbb","comments_count":0,"public_reactions_count":3,"collection_id":null,"published_timestamp":"2022-11-14T02:41:54Z","positive_reactions_count":3,"cover_image":null,"social_image":"https://dev.to/social_previews/article/1255878.png","canonical_url":"https://dev.to/blackmillco/community-of-practice-for-engineering-leaders-4dbb","created_at":"2022-11-14T02:41:24Z","edited_at":null,"crossposted_at":null,"published_at":"2022-11-14T02:41:54Z","last_comment_at":"2022-11-14T02:41:54Z","reading_time_minutes":1,"tag_list":["events","engineeringleaders","everydayproblems","communityofpractice"],"tags":"events, engineeringleaders, everydayproblems, communityofpractice","user":{"name":"Sarah Tobin","username":"sto8bin","twitter_username":null,"github_username":"STo8in","user_id":602625,"website_url":"https://blackmill.co","profile_image":"https://media.dev.to/cdn-cgi/image/width=640,height=640,fit=cover,gravity=auto,format=auto/https%3A%2F%2Fdev-to-uploads.s3.amazonaws.com%2Fuploads%2Fuser%2Fprofile_image%2F602625%2Fd6881762-d0cc-41fa-a9ae-6caeca9a4e2e.jpeg","profile_image_90":"https://media.dev.to/cdn-cgi/image/width=90,height=90,fit=cover,gravity=auto,format=auto/https%3A%2F%2Fdev-to-uploads.s3.amazonaws.com%2Fuploads%2Fuser%2Fprofile_image%2F602625%2Fd6881762-d0cc-41fa-a9ae-6caeca9a4e2e.jpeg"},"organization":{"name":"Blackmill Consulting","username":"blackmillco","slug":"blackmillco","profile_image":"https://media.dev.to/cdn-cgi/image/width=640,height=640,fit=cover,gravity=auto,format=auto/https%3A%2F%2Fdev-to-uploads.s3.amazonaws.com%2Fuploads%2Forganization%2Fprofile_image%2F3913%2F5de470af-8f0f-4a6a-b248-5939567e1e05.png","profile_image_90":"https://media.dev.to/cdn-cgi/image/width=90,height=90,fit=cover,gravity=auto,format=auto/https%3A%2F%2Fdev-to-uploads.s3.amazonaws.com%2Fuploads%2Forganization%2Fprofile_image%2F3913%2F5de470af-8f0f-4a6a-b248-5939567e1e05.png"}},{"type_of":"article","id":781815,"title":"INTERACT: The Interactive, Community-driven Conference for Engineering Leaders","description":"INTERACT is the biggest thing Dev Interrupted has done yet. An interactive, community-driven,...","readable_publish_date":"Aug 4 '21","slug":"interact-the-interactive-community-driven-conference-for-engineering-leaders-2hee","path":"/conorbronsdon/interact-the-interactive-community-driven-conference-for-engineering-leaders-2hee","url":"https://dev.to/conorbronsdon/interact-the-interactive-community-driven-conference-for-engineering-leaders-2hee","comments_count":4,"public_reactions_count":19,"collection_id":null,"published_timestamp":"2021-08-04T19:01:50Z","positive_reactions_count":19,"cover_image":null,"social_image":"https://dev.to/social_previews/article/781815.png","canonical_url":"https://linearb.io/new-leaders-remote-work-panel/","created_at":"2021-08-04T18:48:51Z","edited_at":"2021-08-09T22:48:58Z","crossposted_at":null,"published_at":"2021-08-04T19:01:50Z","last_comment_at":"2021-08-04T20:19:33Z","reading_time_minutes":3,"tag_list":["leadership","management","engineeringleaders","conference"],"tags":"leadership, management, engineeringleaders, conference","user":{"name":"Conor Bronsdon","username":"conorbronsdon","twitter_username":"ConorBronsdon","github_username":null,"user_id":654631,"website_url":"https://conorbronsdon.substack.com/","profile_image":"https://media.dev.to/cdn-cgi/image/width=640,height=640,fit=cover,gravity=auto,format=auto/https%3A%2F%2Fdev-to-uploads.s3.amazonaws.com%2Fuploads%2Fuser%2Fprofile_image%2F654631%2F416c2c20-4bc3-425c-8812-2d7ff262bada.png","profile_image_90":"https://media.dev.to/cdn-cgi/image/width=90,height=90,fit=cover,gravity=auto,format=auto/https%3A%2F%2Fdev-to-uploads.s3.amazonaws.com%2Fuploads%2Fuser%2Fprofile_image%2F654631%2F416c2c20-4bc3-425c-8812-2d7ff262bada.png"}}]