[{"type_of":"article","id":1301439,"title":"Stop Using Dev Metrics!","description":"You manage the company’s best team: the fastest cycle time, the highest planning accuracy, and the...","readable_publish_date":"Dec 18 '22","slug":"stop-using-dev-metrics-3mac","path":"/galbash/stop-using-dev-metrics-3mac","url":"https://dev.to/galbash/stop-using-dev-metrics-3mac","comments_count":0,"public_reactions_count":0,"collection_id":null,"published_timestamp":"2022-12-18T13:54:34Z","positive_reactions_count":0,"cover_image":null,"social_image":"https://dev.to/social_previews/article/1301439.png","canonical_url":"https://medium.com/hackernoon/stop-using-dev-metrics-dc248094939a","created_at":"2022-12-18T13:41:12Z","edited_at":null,"crossposted_at":"2022-12-18T13:54:34Z","published_at":"2022-11-30T14:18:19Z","last_comment_at":"2022-11-30T14:18:19Z","reading_time_minutes":7,"tag_list":["engineeringleadershi","agile","okr","leadership"],"tags":"engineeringleadershi, agile, okr, leadership","user":{"name":"Gal Bashan","username":"galbash","twitter_username":null,"github_username":"galbash","user_id":992351,"website_url":null,"profile_image":"https://media.dev.to/cdn-cgi/image/width=640,height=640,fit=cover,gravity=auto,format=auto/https%3A%2F%2Fdev-to-uploads.s3.amazonaws.com%2Fuploads%2Fuser%2Fprofile_image%2F992351%2F973fb655-d318-475b-82e0-51a30e53dd24.jpeg","profile_image_90":"https://media.dev.to/cdn-cgi/image/width=90,height=90,fit=cover,gravity=auto,format=auto/https%3A%2F%2Fdev-to-uploads.s3.amazonaws.com%2Fuploads%2Fuser%2Fprofile_image%2F992351%2F973fb655-d318-475b-82e0-51a30e53dd24.jpeg"}}]