[{"type_of":"article","id":428290,"title":"How to Become a Lead Developer?","description":"Starting in 2009, I've worked as a software engineer, lead developer, engineering manager,...","readable_publish_date":"Aug 15 '20","slug":"how-to-become-a-lead-developer-j63","path":"/nidup/how-to-become-a-lead-developer-j63","url":"https://dev.to/nidup/how-to-become-a-lead-developer-j63","comments_count":0,"public_reactions_count":3,"collection_id":null,"published_timestamp":"2020-08-15T11:42:05Z","positive_reactions_count":3,"cover_image":null,"social_image":"https://dev.to/social_previews/article/428290.png","canonical_url":"https://www.nidup.io/blog/how-to-become-a-lead-developer","created_at":"2020-08-15T11:34:14Z","edited_at":"2022-03-16T18:05:01Z","crossposted_at":null,"published_at":"2020-08-15T11:42:05Z","last_comment_at":"2020-08-15T11:42:05Z","reading_time_minutes":4,"tag_list":["leaddeveloper","leadengineer","teamlead","leadership"],"tags":"leaddeveloper, leadengineer, teamlead, leadership","user":{"name":"Nicolas Dupont","username":"nidup","twitter_username":"duponico","github_username":"nidup","user_id":363279,"website_url":"https://www.nidup.io","profile_image":"https://media.dev.to/cdn-cgi/image/width=640,height=640,fit=cover,gravity=auto,format=auto/https%3A%2F%2Fdev-to-uploads.s3.amazonaws.com%2Fuploads%2Fuser%2Fprofile_image%2F363279%2F2240ff8a-af9c-4879-9f62-70778eae2ba5.jpeg","profile_image_90":"https://media.dev.to/cdn-cgi/image/width=90,height=90,fit=cover,gravity=auto,format=auto/https%3A%2F%2Fdev-to-uploads.s3.amazonaws.com%2Fuploads%2Fuser%2Fprofile_image%2F363279%2F2240ff8a-af9c-4879-9f62-70778eae2ba5.jpeg"}}]