[{"type_of":"article","id":1221638,"title":"Leading engineering teams workshop","description":"Heads up engineering managers. If you want to power up your leadership skills and help your team...","readable_publish_date":"Oct 17 '22","slug":"leading-engineering-teams-workshop-2loh","path":"/sto8bin/leading-engineering-teams-workshop-2loh","url":"https://dev.to/sto8bin/leading-engineering-teams-workshop-2loh","comments_count":0,"public_reactions_count":0,"collection_id":null,"published_timestamp":"2022-10-17T00:42:45Z","positive_reactions_count":0,"cover_image":null,"social_image":"https://dev.to/social_previews/article/1221638.png","canonical_url":"https://dev.to/sto8bin/leading-engineering-teams-workshop-2loh","created_at":"2022-10-17T00:29:24Z","edited_at":null,"crossposted_at":null,"published_at":"2022-10-17T00:42:45Z","last_comment_at":"2022-10-17T00:42:45Z","reading_time_minutes":1,"tag_list":["events","engineeringmanagers","leadershipskills","workshop"],"tags":"events, engineeringmanagers, leadershipskills, workshop","user":{"name":"Sarah Tobin","username":"sto8bin","twitter_username":null,"github_username":"STo8in","user_id":602625,"website_url":"https://blackmill.co","profile_image":"https://media.dev.to/cdn-cgi/image/width=640,height=640,fit=cover,gravity=auto,format=auto/https%3A%2F%2Fdev-to-uploads.s3.amazonaws.com%2Fuploads%2Fuser%2Fprofile_image%2F602625%2Fd6881762-d0cc-41fa-a9ae-6caeca9a4e2e.jpeg","profile_image_90":"https://media.dev.to/cdn-cgi/image/width=90,height=90,fit=cover,gravity=auto,format=auto/https%3A%2F%2Fdev-to-uploads.s3.amazonaws.com%2Fuploads%2Fuser%2Fprofile_image%2F602625%2Fd6881762-d0cc-41fa-a9ae-6caeca9a4e2e.jpeg"}},{"type_of":"article","id":653346,"title":"My Ideal Future","description":"In my ideal future, I want to be a great leader. By being able to serve the wider community, it’s a...","readable_publish_date":"Apr 9 '21","slug":"my-ideal-future-2nn8","path":"/victorleungtw/my-ideal-future-2nn8","url":"https://dev.to/victorleungtw/my-ideal-future-2nn8","comments_count":0,"public_reactions_count":0,"collection_id":null,"published_timestamp":"2021-04-09T17:27:20Z","positive_reactions_count":0,"cover_image":null,"social_image":"https://media.dev.to/cdn-cgi/image/width=1000,height=500,fit=cover,gravity=auto,format=auto/https%3A%2F%2Fdev-to-uploads.s3.amazonaws.com%2Fuploads%2Farticles%2Fmj53gjyfi4pjpj5gri6g.png","canonical_url":"https://victorleungtw.medium.com/my-ideal-future-c196397113f7","created_at":"2021-04-02T14:33:50Z","edited_at":null,"crossposted_at":"2021-04-09T17:27:20Z","published_at":"2021-04-02T12:44:38Z","last_comment_at":"2021-04-02T12:44:38Z","reading_time_minutes":5,"tag_list":["future","leadershipdevelopmen","leadershipskills","communicationskills"],"tags":"future, leadershipdevelopmen, leadershipskills, communicationskills","user":{"name":"Victor Leung","username":"victorleungtw","twitter_username":"victorleungtw","github_username":"victorleungtw","user_id":277621,"website_url":"https://victorleungtw.com/","profile_image":"https://media.dev.to/cdn-cgi/image/width=640,height=640,fit=cover,gravity=auto,format=auto/https%3A%2F%2Fdev-to-uploads.s3.amazonaws.com%2Fuploads%2Fuser%2Fprofile_image%2F277621%2F060f42a3-ff9b-4470-a1e2-b251a6cdf8cf.png","profile_image_90":"https://media.dev.to/cdn-cgi/image/width=90,height=90,fit=cover,gravity=auto,format=auto/https%3A%2F%2Fdev-to-uploads.s3.amazonaws.com%2Fuploads%2Fuser%2Fprofile_image%2F277621%2F060f42a3-ff9b-4470-a1e2-b251a6cdf8cf.png"}},{"type_of":"article","id":634631,"title":"On waiting for others to lead the way","description":"I still remember three years ago, on the first day attending the orientation of my MBA program, it...","readable_publish_date":"Mar 15 '21","slug":"on-waiting-for-others-to-lead-the-way-1dej","path":"/victorleungtw/on-waiting-for-others-to-lead-the-way-1dej","url":"https://dev.to/victorleungtw/on-waiting-for-others-to-lead-the-way-1dej","comments_count":0,"public_reactions_count":2,"collection_id":null,"published_timestamp":"2021-03-15T11:59:12Z","positive_reactions_count":2,"cover_image":null,"social_image":"https://media.dev.to/cdn-cgi/image/width=1000,height=500,fit=cover,gravity=auto,format=auto/https%3A%2F%2Fdev-to-uploads.s3.amazonaws.com%2Fuploads%2Farticles%2F3rwu2xo8g3ys9lz9oz6w.png","canonical_url":"https://medium.com/@victorleungtw/on-waiting-for-others-to-lead-the-way-30882f42f64d","created_at":"2021-03-14T15:33:49Z","edited_at":null,"crossposted_at":"2021-03-15T11:59:12Z","published_at":"2021-03-14T14:49:35Z","last_comment_at":"2021-03-14T14:49:35Z","reading_time_minutes":3,"tag_list":["leadership","leadershipdevelopmen","leadershipskills","teamwork"],"tags":"leadership, leadershipdevelopmen, leadershipskills, teamwork","user":{"name":"Victor Leung","username":"victorleungtw","twitter_username":"victorleungtw","github_username":"victorleungtw","user_id":277621,"website_url":"https://victorleungtw.com/","profile_image":"https://media.dev.to/cdn-cgi/image/width=640,height=640,fit=cover,gravity=auto,format=auto/https%3A%2F%2Fdev-to-uploads.s3.amazonaws.com%2Fuploads%2Fuser%2Fprofile_image%2F277621%2F060f42a3-ff9b-4470-a1e2-b251a6cdf8cf.png","profile_image_90":"https://media.dev.to/cdn-cgi/image/width=90,height=90,fit=cover,gravity=auto,format=auto/https%3A%2F%2Fdev-to-uploads.s3.amazonaws.com%2Fuploads%2Fuser%2Fprofile_image%2F277621%2F060f42a3-ff9b-4470-a1e2-b251a6cdf8cf.png"}}]