[{"type_of":"article","id":161794,"title":"The Magic of Responsibility — A Story","description":"The Magic of Responsibility — A Story   Do you want people to act mature? Trust them and giv...","readable_publish_date":"Aug 26 '19","slug":"the-magic-of-responsibility-a-story-2bcc","path":"/bhavaniravi/the-magic-of-responsibility-a-story-2bcc","url":"https://dev.to/bhavaniravi/the-magic-of-responsibility-a-story-2bcc","comments_count":0,"public_reactions_count":4,"collection_id":null,"published_timestamp":"2019-08-26T08:55:40Z","positive_reactions_count":4,"cover_image":null,"social_image":"https://dev.to/social_previews/article/161794.png","canonical_url":"https://bhavaniravi.com/The_magic_of_responsiblity/","created_at":"2019-08-26T08:54:18Z","edited_at":null,"crossposted_at":"2019-08-26T08:55:40Z","published_at":"2019-08-26T08:55:40Z","last_comment_at":"2019-08-26T08:55:40Z","reading_time_minutes":4,"tag_list":["leadership","mentorship","leadbyexample","motivation"],"tags":"leadership, mentorship, leadbyexample, motivation","user":{"name":"Bhavani Ravi","username":"bhavaniravi","twitter_username":"geeky_bhavani","github_username":null,"user_id":129059,"website_url":"http://bhavaniravi.com","profile_image":"https://media.dev.to/cdn-cgi/image/width=640,height=640,fit=cover,gravity=auto,format=auto/https%3A%2F%2Fdev-to-uploads.s3.amazonaws.com%2Fuploads%2Fuser%2Fprofile_image%2F129059%2F347b1007-6f80-4a9c-9d1e-5170f3414197.jpg","profile_image_90":"https://media.dev.to/cdn-cgi/image/width=90,height=90,fit=cover,gravity=auto,format=auto/https%3A%2F%2Fdev-to-uploads.s3.amazonaws.com%2Fuploads%2Fuser%2Fprofile_image%2F129059%2F347b1007-6f80-4a9c-9d1e-5170f3414197.jpg"}}]