[{"type_of":"article","id":1922553,"title":"Be an Energy Radiator: Ignite Your Influence","description":"In a world teeming with noise, the ability to shine is a superpower. To be an energy radiator is to...","readable_publish_date":"Jul 13","slug":"be-an-energy-radiator-ignite-your-influence-48ke","path":"/rishiabee/be-an-energy-radiator-ignite-your-influence-48ke","url":"https://dev.to/rishiabee/be-an-energy-radiator-ignite-your-influence-48ke","comments_count":0,"public_reactions_count":1,"collection_id":27967,"published_timestamp":"2024-07-13T18:37:16Z","positive_reactions_count":1,"cover_image":"https://media.dev.to/cdn-cgi/image/width=1000,height=420,fit=cover,gravity=auto,format=auto/https%3A%2F%2Fdev-to-uploads.s3.amazonaws.com%2Fuploads%2Farticles%2Fs0244o2znjik43ay24y1.png","social_image":"https://media.dev.to/cdn-cgi/image/width=1000,height=500,fit=cover,gravity=auto,format=auto/https%3A%2F%2Fdev-to-uploads.s3.amazonaws.com%2Fuploads%2Farticles%2Fs0244o2znjik43ay24y1.png","canonical_url":"https://dev.to/rishiabee/be-an-energy-radiator-ignite-your-influence-48ke","created_at":"2024-07-13T17:59:07Z","edited_at":"2024-07-13T18:56:17Z","crossposted_at":null,"published_at":"2024-07-13T18:37:16Z","last_comment_at":"2024-07-13T18:37:16Z","reading_time_minutes":4,"tag_list":["leadership","leaders","motivational","strongteams"],"tags":"leadership, leaders, motivational, strongteams","user":{"name":"Rishi","username":"rishiabee","twitter_username":"rishiabee","github_username":null,"user_id":166531,"website_url":"https://dev.to/rishiabee","profile_image":"https://media.dev.to/cdn-cgi/image/width=640,height=640,fit=cover,gravity=auto,format=auto/https%3A%2F%2Fdev-to-uploads.s3.amazonaws.com%2Fuploads%2Fuser%2Fprofile_image%2F166531%2Fe0f639ce-f366-48f8-9cc7-47df8e66b903.gif","profile_image_90":"https://media.dev.to/cdn-cgi/image/width=90,height=90,fit=cover,gravity=auto,format=auto/https%3A%2F%2Fdev-to-uploads.s3.amazonaws.com%2Fuploads%2Fuser%2Fprofile_image%2F166531%2Fe0f639ce-f366-48f8-9cc7-47df8e66b903.gif"}},{"type_of":"article","id":1492126,"title":"Team Communication","description":"Every team consists of members with backgrounds, personalities and at different stages of their...","readable_publish_date":"Jun 5 '23","slug":"team-communication-1aha","path":"/aptacore/team-communication-1aha","url":"https://dev.to/aptacore/team-communication-1aha","comments_count":0,"public_reactions_count":0,"collection_id":null,"published_timestamp":"2023-06-05T09:56:43Z","positive_reactions_count":0,"cover_image":null,"social_image":"https://media.dev.to/cdn-cgi/image/width=1000,height=500,fit=cover,gravity=auto,format=auto/https%3A%2F%2Fdev-to-uploads.s3.amazonaws.com%2Fuploads%2Farticles%2F38tdrjxnfkkh02esiswo.png","canonical_url":"https://dev.to/aptacore/team-communication-1aha","created_at":"2023-06-05T09:56:44Z","edited_at":null,"crossposted_at":null,"published_at":"2023-06-05T09:56:43Z","last_comment_at":"2023-06-05T09:56:43Z","reading_time_minutes":1,"tag_list":["team","communication","leaders","storybytes"],"tags":"team, communication, leaders, storybytes","user":{"name":"Aptacore Private Limited","username":"aptacore","twitter_username":"WebAndAppStudio","github_username":"webandappstudio","user_id":858438,"website_url":"https://www.aptacore.ac","profile_image":"https://media.dev.to/cdn-cgi/image/width=640,height=640,fit=cover,gravity=auto,format=auto/https%3A%2F%2Fdev-to-uploads.s3.amazonaws.com%2Fuploads%2Fuser%2Fprofile_image%2F858438%2F53ea7809-a7c8-47bc-91db-fc5e004391a3.png","profile_image_90":"https://media.dev.to/cdn-cgi/image/width=90,height=90,fit=cover,gravity=auto,format=auto/https%3A%2F%2Fdev-to-uploads.s3.amazonaws.com%2Fuploads%2Fuser%2Fprofile_image%2F858438%2F53ea7809-a7c8-47bc-91db-fc5e004391a3.png"}},{"type_of":"article","id":441051,"title":"Sourcing To Recruit Top Tech Students \u0026 Leaders at a Student-Run Non-Profit","description":"Bit Project's Sourcing Goals \u0026amp; Values   Bit Project is a student-led non-profit organiza...","readable_publish_date":"Aug 29 '20","slug":"sourcing-to-recruit-top-tech-students-leaders-at-a-student-run-non-profit-2p9a","path":"/bitproject/sourcing-to-recruit-top-tech-students-leaders-at-a-student-run-non-profit-2p9a","url":"https://dev.to/bitproject/sourcing-to-recruit-top-tech-students-leaders-at-a-student-run-non-profit-2p9a","comments_count":0,"public_reactions_count":2,"collection_id":null,"published_timestamp":"2020-08-29T19:49:19Z","positive_reactions_count":2,"cover_image":null,"social_image":"https://dev.to/social_previews/article/441051.png","canonical_url":"https://dev.to/bitproject/sourcing-to-recruit-top-tech-students-leaders-at-a-student-run-non-profit-2p9a","created_at":"2020-08-29T19:49:19Z","edited_at":null,"crossposted_at":null,"published_at":"2020-08-29T19:49:19Z","last_comment_at":"2020-08-29T19:49:19Z","reading_time_minutes":3,"tag_list":["sourcing","toptech","leaders","people"],"tags":"sourcing, toptech, leaders, people","user":{"name":"Vibha Shastry ","username":"chocohazel926","twitter_username":null,"github_username":"chocohazel926","user_id":460203,"website_url":null,"profile_image":"https://media.dev.to/cdn-cgi/image/width=640,height=640,fit=cover,gravity=auto,format=auto/https%3A%2F%2Fdev-to-uploads.s3.amazonaws.com%2Fuploads%2Fuser%2Fprofile_image%2F460203%2F8c8e00b8-396e-41c3-a8ee-1332c8229d45.png","profile_image_90":"https://media.dev.to/cdn-cgi/image/width=90,height=90,fit=cover,gravity=auto,format=auto/https%3A%2F%2Fdev-to-uploads.s3.amazonaws.com%2Fuploads%2Fuser%2Fprofile_image%2F460203%2F8c8e00b8-396e-41c3-a8ee-1332c8229d45.png"},"organization":{"name":"Bit Project","username":"bitproject","slug":"bitproject","profile_image":"https://media.dev.to/cdn-cgi/image/width=640,height=640,fit=cover,gravity=auto,format=auto/https%3A%2F%2Fdev-to-uploads.s3.amazonaws.com%2Fuploads%2Forganization%2Fprofile_image%2F2601%2F95b14346-7b19-4f77-9bf4-17379696f33c.jpg","profile_image_90":"https://media.dev.to/cdn-cgi/image/width=90,height=90,fit=cover,gravity=auto,format=auto/https%3A%2F%2Fdev-to-uploads.s3.amazonaws.com%2Fuploads%2Forganization%2Fprofile_image%2F2601%2F95b14346-7b19-4f77-9bf4-17379696f33c.jpg"}}]