[{"type_of":"article","id":1116026,"title":"6 ways you should show up as a leader during downturn","description":"We have yet again entered an uncertain time 😥. This feels way too familiar for most of us since we...","readable_publish_date":"Jun 16 '22","slug":"6-ways-you-should-show-up-as-a-leader-during-uncertain-times-5b1d","path":"/kulkarniankita9/6-ways-you-should-show-up-as-a-leader-during-uncertain-times-5b1d","url":"https://dev.to/kulkarniankita9/6-ways-you-should-show-up-as-a-leader-during-uncertain-times-5b1d","comments_count":0,"public_reactions_count":9,"collection_id":null,"published_timestamp":"2022-06-16T14:46:33Z","positive_reactions_count":9,"cover_image":null,"social_image":"https://dev.to/social_previews/article/1116026.png","canonical_url":"https://kulkarniankita9.medium.com/6-ways-you-should-show-up-as-a-leader-during-uncertain-times-ce001ec58c6d","created_at":"2022-06-16T14:44:44Z","edited_at":"2023-03-13T20:58:47Z","crossposted_at":"2022-06-16T14:46:33Z","published_at":"2022-06-16T14:41:43Z","last_comment_at":"2022-06-16T14:41:43Z","reading_time_minutes":3,"tag_list":["leadershipdevelopmen","softwaredevelopment","leadership","management"],"tags":"leadershipdevelopmen, softwaredevelopment, leadership, management","user":{"name":"Ankita Kulkarni","username":"kulkarniankita9","twitter_username":"kulkarniankita9","github_username":"kulkarniankita","user_id":79354,"website_url":"https://kulkarniankita.com","profile_image":"https://media.dev.to/cdn-cgi/image/width=640,height=640,fit=cover,gravity=auto,format=auto/https%3A%2F%2Fdev-to-uploads.s3.amazonaws.com%2Fuploads%2Fuser%2Fprofile_image%2F79354%2F05158841-c512-4a2f-ad9b-5fd3ac6ec108.png","profile_image_90":"https://media.dev.to/cdn-cgi/image/width=90,height=90,fit=cover,gravity=auto,format=auto/https%3A%2F%2Fdev-to-uploads.s3.amazonaws.com%2Fuploads%2Fuser%2Fprofile_image%2F79354%2F05158841-c512-4a2f-ad9b-5fd3ac6ec108.png"}},{"type_of":"article","id":677345,"title":"My goal to be a better leader","description":"Pursuing the goal to be a better leader is important. Not finance, not strategy, not technology, it’s...","readable_publish_date":"Apr 25 '21","slug":"my-goal-to-be-a-better-leader-5hhh","path":"/victorleungtw/my-goal-to-be-a-better-leader-5hhh","url":"https://dev.to/victorleungtw/my-goal-to-be-a-better-leader-5hhh","comments_count":0,"public_reactions_count":1,"collection_id":null,"published_timestamp":"2021-04-25T17:27:28Z","positive_reactions_count":1,"cover_image":null,"social_image":"https://media.dev.to/cdn-cgi/image/width=1000,height=500,fit=cover,gravity=auto,format=auto/https%3A%2F%2Fdev-to-uploads.s3.amazonaws.com%2Fuploads%2Farticles%2Ff83grr9rar2lhpurhv78.png","canonical_url":"https://victorleungtw.medium.com/my-goal-to-be-a-better-leader-b59b830a34bf","created_at":"2021-04-24T16:31:32Z","edited_at":null,"crossposted_at":"2021-04-25T17:27:28Z","published_at":"2021-04-24T15:03:26Z","last_comment_at":"2021-04-24T15:03:26Z","reading_time_minutes":7,"tag_list":["selfimprovement","leadership","personaldevelopment","leadershipdevelopmen"],"tags":"selfimprovement, leadership, personaldevelopment, leadershipdevelopmen","user":{"name":"Victor Leung","username":"victorleungtw","twitter_username":"victorleungtw","github_username":"victorleungtw","user_id":277621,"website_url":"https://victorleungtw.com/","profile_image":"https://media.dev.to/cdn-cgi/image/width=640,height=640,fit=cover,gravity=auto,format=auto/https%3A%2F%2Fdev-to-uploads.s3.amazonaws.com%2Fuploads%2Fuser%2Fprofile_image%2F277621%2F060f42a3-ff9b-4470-a1e2-b251a6cdf8cf.png","profile_image_90":"https://media.dev.to/cdn-cgi/image/width=90,height=90,fit=cover,gravity=auto,format=auto/https%3A%2F%2Fdev-to-uploads.s3.amazonaws.com%2Fuploads%2Fuser%2Fprofile_image%2F277621%2F060f42a3-ff9b-4470-a1e2-b251a6cdf8cf.png"}},{"type_of":"article","id":653346,"title":"My Ideal Future","description":"In my ideal future, I want to be a great leader. By being able to serve the wider community, it’s a...","readable_publish_date":"Apr 9 '21","slug":"my-ideal-future-2nn8","path":"/victorleungtw/my-ideal-future-2nn8","url":"https://dev.to/victorleungtw/my-ideal-future-2nn8","comments_count":0,"public_reactions_count":0,"collection_id":null,"published_timestamp":"2021-04-09T17:27:20Z","positive_reactions_count":0,"cover_image":null,"social_image":"https://media.dev.to/cdn-cgi/image/width=1000,height=500,fit=cover,gravity=auto,format=auto/https%3A%2F%2Fdev-to-uploads.s3.amazonaws.com%2Fuploads%2Farticles%2Fmj53gjyfi4pjpj5gri6g.png","canonical_url":"https://victorleungtw.medium.com/my-ideal-future-c196397113f7","created_at":"2021-04-02T14:33:50Z","edited_at":null,"crossposted_at":"2021-04-09T17:27:20Z","published_at":"2021-04-02T12:44:38Z","last_comment_at":"2021-04-02T12:44:38Z","reading_time_minutes":5,"tag_list":["future","leadershipdevelopmen","leadershipskills","communicationskills"],"tags":"future, leadershipdevelopmen, leadershipskills, communicationskills","user":{"name":"Victor Leung","username":"victorleungtw","twitter_username":"victorleungtw","github_username":"victorleungtw","user_id":277621,"website_url":"https://victorleungtw.com/","profile_image":"https://media.dev.to/cdn-cgi/image/width=640,height=640,fit=cover,gravity=auto,format=auto/https%3A%2F%2Fdev-to-uploads.s3.amazonaws.com%2Fuploads%2Fuser%2Fprofile_image%2F277621%2F060f42a3-ff9b-4470-a1e2-b251a6cdf8cf.png","profile_image_90":"https://media.dev.to/cdn-cgi/image/width=90,height=90,fit=cover,gravity=auto,format=auto/https%3A%2F%2Fdev-to-uploads.s3.amazonaws.com%2Fuploads%2Fuser%2Fprofile_image%2F277621%2F060f42a3-ff9b-4470-a1e2-b251a6cdf8cf.png"}},{"type_of":"article","id":634631,"title":"On waiting for others to lead the way","description":"I still remember three years ago, on the first day attending the orientation of my MBA program, it...","readable_publish_date":"Mar 15 '21","slug":"on-waiting-for-others-to-lead-the-way-1dej","path":"/victorleungtw/on-waiting-for-others-to-lead-the-way-1dej","url":"https://dev.to/victorleungtw/on-waiting-for-others-to-lead-the-way-1dej","comments_count":0,"public_reactions_count":2,"collection_id":null,"published_timestamp":"2021-03-15T11:59:12Z","positive_reactions_count":2,"cover_image":null,"social_image":"https://media.dev.to/cdn-cgi/image/width=1000,height=500,fit=cover,gravity=auto,format=auto/https%3A%2F%2Fdev-to-uploads.s3.amazonaws.com%2Fuploads%2Farticles%2F3rwu2xo8g3ys9lz9oz6w.png","canonical_url":"https://medium.com/@victorleungtw/on-waiting-for-others-to-lead-the-way-30882f42f64d","created_at":"2021-03-14T15:33:49Z","edited_at":null,"crossposted_at":"2021-03-15T11:59:12Z","published_at":"2021-03-14T14:49:35Z","last_comment_at":"2021-03-14T14:49:35Z","reading_time_minutes":3,"tag_list":["leadership","leadershipdevelopmen","leadershipskills","teamwork"],"tags":"leadership, leadershipdevelopmen, leadershipskills, teamwork","user":{"name":"Victor Leung","username":"victorleungtw","twitter_username":"victorleungtw","github_username":"victorleungtw","user_id":277621,"website_url":"https://victorleungtw.com/","profile_image":"https://media.dev.to/cdn-cgi/image/width=640,height=640,fit=cover,gravity=auto,format=auto/https%3A%2F%2Fdev-to-uploads.s3.amazonaws.com%2Fuploads%2Fuser%2Fprofile_image%2F277621%2F060f42a3-ff9b-4470-a1e2-b251a6cdf8cf.png","profile_image_90":"https://media.dev.to/cdn-cgi/image/width=90,height=90,fit=cover,gravity=auto,format=auto/https%3A%2F%2Fdev-to-uploads.s3.amazonaws.com%2Fuploads%2Fuser%2Fprofile_image%2F277621%2F060f42a3-ff9b-4470-a1e2-b251a6cdf8cf.png"}},{"type_of":"article","id":628077,"title":"On losing opportunities because of too isolated","description":"I remember a time when I attended a leadership training course. The instructor was giving out a...","readable_publish_date":"Mar 7 '21","slug":"on-losing-opportunities-because-of-too-isolated-19hl","path":"/victorleungtw/on-losing-opportunities-because-of-too-isolated-19hl","url":"https://dev.to/victorleungtw/on-losing-opportunities-because-of-too-isolated-19hl","comments_count":0,"public_reactions_count":0,"collection_id":null,"published_timestamp":"2021-03-07T15:11:35Z","positive_reactions_count":0,"cover_image":null,"social_image":"https://media.dev.to/cdn-cgi/image/width=1000,height=500,fit=cover,gravity=auto,format=auto/https%3A%2F%2Fdev-to-uploads.s3.amazonaws.com%2Fuploads%2Farticles%2Fsw3t3fiug12gdps8913m.png","canonical_url":"https://medium.com/@victorleungtw/on-losing-opportunities-because-of-too-isolated-b45125b7f114","created_at":"2021-03-07T13:57:08Z","edited_at":null,"crossposted_at":"2021-03-07T15:11:35Z","published_at":"2021-03-07T12:06:10Z","last_comment_at":"2021-03-07T12:06:10Z","reading_time_minutes":3,"tag_list":["leadership","opportunity","leadershipdevelopmen","communication"],"tags":"leadership, opportunity, leadershipdevelopmen, communication","user":{"name":"Victor Leung","username":"victorleungtw","twitter_username":"victorleungtw","github_username":"victorleungtw","user_id":277621,"website_url":"https://victorleungtw.com/","profile_image":"https://media.dev.to/cdn-cgi/image/width=640,height=640,fit=cover,gravity=auto,format=auto/https%3A%2F%2Fdev-to-uploads.s3.amazonaws.com%2Fuploads%2Fuser%2Fprofile_image%2F277621%2F060f42a3-ff9b-4470-a1e2-b251a6cdf8cf.png","profile_image_90":"https://media.dev.to/cdn-cgi/image/width=90,height=90,fit=cover,gravity=auto,format=auto/https%3A%2F%2Fdev-to-uploads.s3.amazonaws.com%2Fuploads%2Fuser%2Fprofile_image%2F277621%2F060f42a3-ff9b-4470-a1e2-b251a6cdf8cf.png"}},{"type_of":"article","id":614997,"title":"Effective leadership in a technical role","description":"At some point in your career as a software engineer, you would be promoted to be a leadership role....","readable_publish_date":"Mar 7 '21","slug":"effective-leadership-in-a-technical-role-2om6","path":"/victorleungtw/effective-leadership-in-a-technical-role-2om6","url":"https://dev.to/victorleungtw/effective-leadership-in-a-technical-role-2om6","comments_count":0,"public_reactions_count":2,"collection_id":null,"published_timestamp":"2021-03-07T15:10:17Z","positive_reactions_count":2,"cover_image":null,"social_image":"https://media.dev.to/cdn-cgi/image/width=1000,height=500,fit=cover,gravity=auto,format=auto/https%3A%2F%2Fdev-to-uploads.s3.amazonaws.com%2Fuploads%2Farticles%2Fp39ld2a9r7r0ofr3zisf.png","canonical_url":"https://medium.com/@victorleungtw/effective-leadership-in-a-technical-role-e6a4eb08d1f2","created_at":"2021-02-22T20:35:49Z","edited_at":null,"crossposted_at":"2021-03-07T15:10:17Z","published_at":"2021-02-22T16:45:43Z","last_comment_at":"2021-02-22T16:45:43Z","reading_time_minutes":3,"tag_list":["leadership","manager","leadershipdevelopmen","management"],"tags":"leadership, manager, leadershipdevelopmen, management","user":{"name":"Victor Leung","username":"victorleungtw","twitter_username":"victorleungtw","github_username":"victorleungtw","user_id":277621,"website_url":"https://victorleungtw.com/","profile_image":"https://media.dev.to/cdn-cgi/image/width=640,height=640,fit=cover,gravity=auto,format=auto/https%3A%2F%2Fdev-to-uploads.s3.amazonaws.com%2Fuploads%2Fuser%2Fprofile_image%2F277621%2F060f42a3-ff9b-4470-a1e2-b251a6cdf8cf.png","profile_image_90":"https://media.dev.to/cdn-cgi/image/width=90,height=90,fit=cover,gravity=auto,format=auto/https%3A%2F%2Fdev-to-uploads.s3.amazonaws.com%2Fuploads%2Fuser%2Fprofile_image%2F277621%2F060f42a3-ff9b-4470-a1e2-b251a6cdf8cf.png"}}]