[{"type_of":"article","id":1063972,"title":"Dear technical lead","description":"I don’t know how you got your promotion, but I hope you’re a little scared. If you’re not, there’s a...","readable_publish_date":"Apr 22 '22","slug":"dear-technical-lead-5511","path":"/craignicol/dear-technical-lead-5511","url":"https://dev.to/craignicol/dear-technical-lead-5511","comments_count":0,"public_reactions_count":5,"collection_id":10648,"published_timestamp":"2022-04-22T12:44:49Z","positive_reactions_count":5,"cover_image":"https://res.cloudinary.com/practicaldev/image/fetch/s--r2_3yI6p--/c_imagga_scale,f_auto,fl_progressive,h_420,q_auto,w_1000/https://craignicol.files.wordpress.com/2021/04/wp-1617831689430.jpg","social_image":"https://res.cloudinary.com/practicaldev/image/fetch/s--IJOcWrjb--/c_imagga_scale,f_auto,fl_progressive,h_500,q_auto,w_1000/https://craignicol.files.wordpress.com/2021/04/wp-1617831689430.jpg","canonical_url":"https://craignicol.wordpress.com/2022/04/22/dear-technical-lead/","created_at":"2022-04-22T12:43:52Z","edited_at":null,"crossposted_at":"2022-04-22T12:44:49Z","published_at":"2022-04-22T09:52:22Z","last_comment_at":"2022-04-22T09:52:22Z","reading_time_minutes":2,"tag_list":["development","leadership","leader","mentor"],"tags":"development, leadership, leader, mentor","user":{"name":"Craig Nicol (he/him)","username":"craignicol","twitter_username":"craignicol","github_username":"craignicol","user_id":64879,"website_url":"https://craignicol.wordpress.com","profile_image":"https://media.dev.to/cdn-cgi/image/width=640,height=640,fit=cover,gravity=auto,format=auto/https%3A%2F%2Fdev-to-uploads.s3.amazonaws.com%2Fuploads%2Fuser%2Fprofile_image%2F64879%2F8b4a4582-ab0b-40d9-a8a3-5a6e220b53d8.jpg","profile_image_90":"https://media.dev.to/cdn-cgi/image/width=90,height=90,fit=cover,gravity=auto,format=auto/https%3A%2F%2Fdev-to-uploads.s3.amazonaws.com%2Fuploads%2Fuser%2Fprofile_image%2F64879%2F8b4a4582-ab0b-40d9-a8a3-5a6e220b53d8.jpg"}},{"type_of":"article","id":10632,"title":"What is a great communicator?","description":"What do you think about this quote:  \"Inside every successful professional is someone who’s done the...","readable_publish_date":"Oct 22 '17","slug":"what-is-a-great-communicator-6bo","path":"/booorkoo/what-is-a-great-communicator-6bo","url":"https://dev.to/booorkoo/what-is-a-great-communicator-6bo","comments_count":4,"public_reactions_count":13,"collection_id":null,"published_timestamp":"2017-10-22T08:12:54Z","positive_reactions_count":13,"cover_image":null,"social_image":"https://dev.to/social_previews/article/10632.png","canonical_url":"https://dev.to/booorkoo/what-is-a-great-communicator-6bo","created_at":"2017-10-22T08:12:54Z","edited_at":"2017-10-22T08:26:10Z","crossposted_at":null,"published_at":"2017-10-22T08:12:54Z","last_comment_at":"2019-12-02T05:39:10Z","reading_time_minutes":1,"tag_list":["job","leader","discuss","communicator"],"tags":"job, leader, discuss, communicator","user":{"name":"Borko Arsovic 🚀","username":"booorkoo","twitter_username":null,"github_username":"Booorkoo","user_id":26520,"website_url":"https://arsovicborko.appspot.com/","profile_image":"https://media.dev.to/cdn-cgi/image/width=640,height=640,fit=cover,gravity=auto,format=auto/https%3A%2F%2Fdev-to-uploads.s3.amazonaws.com%2Fuploads%2Fuser%2Fprofile_image%2F26520%2F8e6115e6-6fb6-4a47-961b-231c1e4b2296.png","profile_image_90":"https://media.dev.to/cdn-cgi/image/width=90,height=90,fit=cover,gravity=auto,format=auto/https%3A%2F%2Fdev-to-uploads.s3.amazonaws.com%2Fuploads%2Fuser%2Fprofile_image%2F26520%2F8e6115e6-6fb6-4a47-961b-231c1e4b2296.png"},"flare_tag":{"name":"discuss","bg_color_hex":"#71EA8B","text_color_hex":"#FFFFFF"}},{"type_of":"article","id":270218,"title":"5 Leadership lessons I have learned from animation movies","description":"This blog may or may not contain spoilers. Proceed with caution. This is not just for managers or tea...","readable_publish_date":"Feb 27 '20","slug":"5-leadership-lessons-i-have-learned-from-animation-movies-7nf","path":"/bhuvanaguna/5-leadership-lessons-i-have-learned-from-animation-movies-7nf","url":"https://dev.to/bhuvanaguna/5-leadership-lessons-i-have-learned-from-animation-movies-7nf","comments_count":0,"public_reactions_count":11,"collection_id":null,"published_timestamp":"2020-02-27T18:07:11Z","positive_reactions_count":11,"cover_image":"https://res.cloudinary.com/practicaldev/image/fetch/s--ULX9yNSo--/c_imagga_scale,f_auto,fl_progressive,h_420,q_auto,w_1000/https://i.pinimg.com/originals/56/41/22/5641221e5c104f6aa7d17486933ddb21.jpg","social_image":"https://res.cloudinary.com/practicaldev/image/fetch/s--TITWqSoQ--/c_imagga_scale,f_auto,fl_progressive,h_500,q_auto,w_1000/https://i.pinimg.com/originals/56/41/22/5641221e5c104f6aa7d17486933ddb21.jpg","canonical_url":"https://dev.to/bhuvanaguna/5-leadership-lessons-i-have-learned-from-animation-movies-7nf","created_at":"2020-02-27T17:27:41Z","edited_at":"2020-02-27T18:12:37Z","crossposted_at":null,"published_at":"2020-02-27T18:07:11Z","last_comment_at":"2020-02-27T18:07:11Z","reading_time_minutes":5,"tag_list":["leadership","management","leader","growth"],"tags":"leadership, management, leader, growth","user":{"name":"bhuvana-guna","username":"bhuvanaguna","twitter_username":"_bhuvanaguna","github_username":"bhuvana-guna","user_id":145135,"website_url":null,"profile_image":"https://media.dev.to/cdn-cgi/image/width=640,height=640,fit=cover,gravity=auto,format=auto/https%3A%2F%2Fdev-to-uploads.s3.amazonaws.com%2Fuploads%2Fuser%2Fprofile_image%2F145135%2Fd75d3bb4-ea09-427f-98a0-22f657a55f06.png","profile_image_90":"https://media.dev.to/cdn-cgi/image/width=90,height=90,fit=cover,gravity=auto,format=auto/https%3A%2F%2Fdev-to-uploads.s3.amazonaws.com%2Fuploads%2Fuser%2Fprofile_image%2F145135%2Fd75d3bb4-ea09-427f-98a0-22f657a55f06.png"}}]