[{"type_of":"article","id":1043434,"title":"On the road again with New Relic in 2022","description":"(This post originally appeared on The Observatory )  As a former road-warrior, I attended between...","readable_publish_date":"Apr 3 '22","slug":"on-the-road-again-with-new-relic-in-2022-2l4g","path":"/newrelic/on-the-road-again-with-new-relic-in-2022-2l4g","url":"https://dev.to/newrelic/on-the-road-again-with-new-relic-in-2022-2l4g","comments_count":0,"public_reactions_count":9,"collection_id":null,"published_timestamp":"2022-04-03T17:20:59Z","positive_reactions_count":9,"cover_image":null,"social_image":"https://media.dev.to/cdn-cgi/image/width=1000,height=500,fit=cover,gravity=auto,format=auto/https%3A%2F%2Fdev-to-uploads.s3.amazonaws.com%2Fuploads%2Farticles%2Fcyfjdy6kw27b7z0kfdmj.png","canonical_url":"https://dev.to/newrelic/on-the-road-again-with-new-relic-in-2022-2l4g","created_at":"2022-04-03T17:16:05Z","edited_at":null,"crossposted_at":null,"published_at":"2022-04-03T17:20:59Z","last_comment_at":"2022-04-03T17:20:59Z","reading_time_minutes":3,"tag_list":["leaddev","conference","newrelic"],"tags":"leaddev, conference, newrelic","user":{"name":"Leon Adato","username":"adatole","twitter_username":null,"github_username":"LeonAdato","user_id":830558,"website_url":"https://www.adatosystems.com","profile_image":"https://media.dev.to/cdn-cgi/image/width=640,height=640,fit=cover,gravity=auto,format=auto/https%3A%2F%2Fdev-to-uploads.s3.amazonaws.com%2Fuploads%2Fuser%2Fprofile_image%2F830558%2F63535160-bcf9-44d2-9565-f6b2891fd757.jpg","profile_image_90":"https://media.dev.to/cdn-cgi/image/width=90,height=90,fit=cover,gravity=auto,format=auto/https%3A%2F%2Fdev-to-uploads.s3.amazonaws.com%2Fuploads%2Fuser%2Fprofile_image%2F830558%2F63535160-bcf9-44d2-9565-f6b2891fd757.jpg"},"organization":{"name":"New Relic","username":"newrelic","slug":"newrelic","profile_image":"https://media.dev.to/cdn-cgi/image/width=640,height=640,fit=cover,gravity=auto,format=auto/https%3A%2F%2Fdev-to-uploads.s3.amazonaws.com%2Fuploads%2Forganization%2Fprofile_image%2F2621%2F9f60ba91-e078-4981-a2a3-9848e4e4fafa.png","profile_image_90":"https://media.dev.to/cdn-cgi/image/width=90,height=90,fit=cover,gravity=auto,format=auto/https%3A%2F%2Fdev-to-uploads.s3.amazonaws.com%2Fuploads%2Forganization%2Fprofile_image%2F2621%2F9f60ba91-e078-4981-a2a3-9848e4e4fafa.png"}},{"type_of":"article","id":260316,"title":"'Just Google It' is not enough - The negative impact of 3 simple words","description":"When I had just transitioned into a senior role a couple of years ago, a junior developer in my team...","readable_publish_date":"Feb 12 '20","slug":"just-google-it-is-not-enough-the-negative-impact-of-3-simple-words-14lh","path":"/tomcools/just-google-it-is-not-enough-the-negative-impact-of-3-simple-words-14lh","url":"https://dev.to/tomcools/just-google-it-is-not-enough-the-negative-impact-of-3-simple-words-14lh","comments_count":0,"public_reactions_count":9,"collection_id":null,"published_timestamp":"2020-02-12T15:05:07Z","positive_reactions_count":9,"cover_image":null,"social_image":"https://dev.to/social_previews/article/260316.png","canonical_url":"https://tomcools.be/post/feb-2020-google-it/","created_at":"2020-02-12T15:05:07Z","edited_at":"2020-02-12T15:06:11Z","crossposted_at":null,"published_at":"2020-02-12T15:05:07Z","last_comment_at":"2020-02-12T15:05:07Z","reading_time_minutes":4,"tag_list":["professionalism","leadership","leaddev","java"],"tags":"professionalism, leadership, leaddev, java","user":{"name":"Tom Cools","username":"tomcools","twitter_username":"TCoolsIT","github_username":"TomCools","user_id":330732,"website_url":"https://www.tomcools.be/","profile_image":"https://media.dev.to/cdn-cgi/image/width=640,height=640,fit=cover,gravity=auto,format=auto/https%3A%2F%2Fdev-to-uploads.s3.amazonaws.com%2Fuploads%2Fuser%2Fprofile_image%2F330732%2F998836c3-68e3-4999-9642-bc442df31c1f.png","profile_image_90":"https://media.dev.to/cdn-cgi/image/width=90,height=90,fit=cover,gravity=auto,format=auto/https%3A%2F%2Fdev-to-uploads.s3.amazonaws.com%2Fuploads%2Fuser%2Fprofile_image%2F330732%2F998836c3-68e3-4999-9642-bc442df31c1f.png"}}]