[{"type_of":"article","id":1503028,"title":"Top Qualities to Look for in a Reliable Lead Generation Company","description":"Lead generation is the process of identifying, attracting, and converting potential customers into...","readable_publish_date":"Jun 13 '23","slug":"top-qualities-to-look-for-in-a-reliable-lead-generation-company-40a7","path":"/8milesolution123/top-qualities-to-look-for-in-a-reliable-lead-generation-company-40a7","url":"https://dev.to/8milesolution123/top-qualities-to-look-for-in-a-reliable-lead-generation-company-40a7","comments_count":0,"public_reactions_count":0,"collection_id":null,"published_timestamp":"2023-06-13T10:48:46Z","positive_reactions_count":0,"cover_image":null,"social_image":"https://dev.to/social_previews/article/1503028.png","canonical_url":"https://dev.to/8milesolution123/top-qualities-to-look-for-in-a-reliable-lead-generation-company-40a7","created_at":"2023-06-13T10:48:25Z","edited_at":null,"crossposted_at":null,"published_at":"2023-06-13T10:48:46Z","last_comment_at":"2023-06-13T10:48:46Z","reading_time_minutes":3,"tag_list":["leadership","productivity","b2b","leadgenratio"],"tags":"leadership, productivity, b2b, leadgenratio","user":{"name":"8milesolution123","username":"8milesolution123","twitter_username":null,"github_username":"8milesolution123","user_id":1100592,"website_url":null,"profile_image":"https://media.dev.to/cdn-cgi/image/width=640,height=640,fit=cover,gravity=auto,format=auto/https%3A%2F%2Fdev-to-uploads.s3.amazonaws.com%2Fuploads%2Fuser%2Fprofile_image%2F1100592%2Fdb647bc3-355a-4975-9dff-342d82a7625b.png","profile_image_90":"https://media.dev.to/cdn-cgi/image/width=90,height=90,fit=cover,gravity=auto,format=auto/https%3A%2F%2Fdev-to-uploads.s3.amazonaws.com%2Fuploads%2Fuser%2Fprofile_image%2F1100592%2Fdb647bc3-355a-4975-9dff-342d82a7625b.png"}}]