[{"type_of":"article","id":1700369,"title":"Becoming a Visionary Product Leader: A Comprehensive Guide","description":"In today's fast-paced world of product development, the role of a product leader has become...","readable_publish_date":"Dec 17 '23","slug":"becoming-a-visionary-product-leader-a-comprehensive-guide-4fnm","path":"/rafikke_lion/becoming-a-visionary-product-leader-a-comprehensive-guide-4fnm","url":"https://dev.to/rafikke_lion/becoming-a-visionary-product-leader-a-comprehensive-guide-4fnm","comments_count":0,"public_reactions_count":0,"collection_id":null,"published_timestamp":"2023-12-17T15:11:07Z","positive_reactions_count":0,"cover_image":"https://media.dev.to/cdn-cgi/image/width=1000,height=420,fit=cover,gravity=auto,format=auto/https%3A%2F%2Fdev-to-uploads.s3.amazonaws.com%2Fuploads%2Farticles%2F4jfrl1rs5s6yfvak6snl.png","social_image":"https://media.dev.to/cdn-cgi/image/width=1000,height=500,fit=cover,gravity=auto,format=auto/https%3A%2F%2Fdev-to-uploads.s3.amazonaws.com%2Fuploads%2Farticles%2F4jfrl1rs5s6yfvak6snl.png","canonical_url":"https://dev.to/rafikke_lion/becoming-a-visionary-product-leader-a-comprehensive-guide-4fnm","created_at":"2023-12-17T15:11:08Z","edited_at":"2024-01-24T09:30:20Z","crossposted_at":null,"published_at":"2023-12-17T15:11:07Z","last_comment_at":"2023-12-17T15:11:07Z","reading_time_minutes":6,"tag_list":["productleader","product","careerdevelopment","leadership"],"tags":"productleader, product, careerdevelopment, leadership","user":{"name":"Brandon Foster ","username":"rafikke_lion","twitter_username":null,"github_username":null,"user_id":1208606,"website_url":null,"profile_image":"https://media.dev.to/cdn-cgi/image/width=640,height=640,fit=cover,gravity=auto,format=auto/https%3A%2F%2Fdev-to-uploads.s3.amazonaws.com%2Fuploads%2Fuser%2Fprofile_image%2F1208606%2F71f5146e-786e-4a2b-80cc-06dc0001bdd2.png","profile_image_90":"https://media.dev.to/cdn-cgi/image/width=90,height=90,fit=cover,gravity=auto,format=auto/https%3A%2F%2Fdev-to-uploads.s3.amazonaws.com%2Fuploads%2Fuser%2Fprofile_image%2F1208606%2F71f5146e-786e-4a2b-80cc-06dc0001bdd2.png"}}]