[{"type_of":"article","id":1635359,"title":"Leadership Series: Continuous Learning","description":"How to Continue to Learn Through the Increased Responsibility of Senior Roles  Continue reading on...","readable_publish_date":"Nov 7 '23","slug":"leadership-series-continuous-learning-1hhm","path":"/kiniama/leadership-series-continuous-learning-1hhm","url":"https://dev.to/kiniama/leadership-series-continuous-learning-1hhm","comments_count":0,"public_reactions_count":0,"collection_id":null,"published_timestamp":"2023-11-07T13:40:25Z","positive_reactions_count":0,"cover_image":null,"social_image":"https://media.dev.to/cdn-cgi/image/width=1000,height=500,fit=cover,gravity=auto,format=auto/https%3A%2F%2Fdev-to-uploads.s3.amazonaws.com%2Fuploads%2Farticles%2F0z8mgcru8jdpkunx2wyb.png","canonical_url":"https://augustokrosa.medium.com/leadership-series-continuous-learning-615df70f8836","created_at":"2023-10-15T14:20:19Z","edited_at":null,"crossposted_at":"2023-11-07T13:40:25Z","published_at":"2023-10-15T12:01:32Z","last_comment_at":"2023-10-15T12:01:32Z","reading_time_minutes":1,"tag_list":["leadership","continuouslearning","seniorleadership"],"tags":"leadership, continuouslearning, seniorleadership","user":{"name":"augusto kiniama rosa","username":"kiniama","twitter_username":null,"github_username":"augustorosa","user_id":65102,"website_url":null,"profile_image":"https://media.dev.to/cdn-cgi/image/width=640,height=640,fit=cover,gravity=auto,format=auto/https%3A%2F%2Fdev-to-uploads.s3.amazonaws.com%2Fuploads%2Fuser%2Fprofile_image%2F65102%2F1270450b-ae5b-4c55-a88e-54b3e7422a61.png","profile_image_90":"https://media.dev.to/cdn-cgi/image/width=90,height=90,fit=cover,gravity=auto,format=auto/https%3A%2F%2Fdev-to-uploads.s3.amazonaws.com%2Fuploads%2Fuser%2Fprofile_image%2F65102%2F1270450b-ae5b-4c55-a88e-54b3e7422a61.png"}}]