[{"type_of":"article","id":1707844,"title":"The Route to Success: Secrets of Joining a Company and Effective Leadership.","description":"Hello, colleagues! I've decided to share my 10 years of marketing experience gained through...","readable_publish_date":"Dec 25 '23","slug":"the-route-to-success-secrets-of-joining-a-company-and-effective-leadership-1mfk","path":"/valriy24/the-route-to-success-secrets-of-joining-a-company-and-effective-leadership-1mfk","url":"https://dev.to/valriy24/the-route-to-success-secrets-of-joining-a-company-and-effective-leadership-1mfk","comments_count":0,"public_reactions_count":0,"collection_id":null,"published_timestamp":"2023-12-25T11:20:49Z","positive_reactions_count":0,"cover_image":null,"social_image":"https://media.dev.to/cdn-cgi/image/width=1000,height=500,fit=cover,gravity=auto,format=auto/https%3A%2F%2Fdev-to-uploads.s3.amazonaws.com%2Fuploads%2Farticles%2Fcmcx9debxyf6tqxrm3ht.png","canonical_url":"https://dev.to/valriy24/the-route-to-success-secrets-of-joining-a-company-and-effective-leadership-1mfk","created_at":"2023-12-25T11:20:17Z","edited_at":null,"crossposted_at":null,"published_at":"2023-12-25T11:20:49Z","last_comment_at":"2023-12-25T11:20:49Z","reading_time_minutes":3,"tag_list":["management","marketing","teamleader"],"tags":"management, marketing, teamleader","user":{"name":"Andreev Valriy","username":"valriy24","twitter_username":null,"github_username":null,"user_id":1241008,"website_url":null,"profile_image":"https://media.dev.to/cdn-cgi/image/width=640,height=640,fit=cover,gravity=auto,format=auto/https%3A%2F%2Fdev-to-uploads.s3.amazonaws.com%2Fuploads%2Fuser%2Fprofile_image%2F1241008%2Fdb7f1cb1-59ca-472c-a512-1f87d8e6a7a6.jpg","profile_image_90":"https://media.dev.to/cdn-cgi/image/width=90,height=90,fit=cover,gravity=auto,format=auto/https%3A%2F%2Fdev-to-uploads.s3.amazonaws.com%2Fuploads%2Fuser%2Fprofile_image%2F1241008%2Fdb7f1cb1-59ca-472c-a512-1f87d8e6a7a6.jpg"}},{"type_of":"article","id":1284886,"title":"Day #11: Strategies for conflict resolution for a team leader","description":"As a team leader, one of the main responsibilities is to ensure that your team has a healthy,...","readable_publish_date":"Dec 5 '22","slug":"day-11-strategies-for-conflict-resolution-for-a-team-leader-cd7","path":"/journeypreneur/day-11-strategies-for-conflict-resolution-for-a-team-leader-cd7","url":"https://dev.to/journeypreneur/day-11-strategies-for-conflict-resolution-for-a-team-leader-cd7","comments_count":0,"public_reactions_count":1,"collection_id":null,"published_timestamp":"2022-12-05T12:08:55Z","positive_reactions_count":1,"cover_image":null,"social_image":"https://dev.to/social_previews/article/1284886.png","canonical_url":"https://dev.to/journeypreneur/day-11-strategies-for-conflict-resolution-for-a-team-leader-cd7","created_at":"2022-12-05T12:08:55Z","edited_at":null,"crossposted_at":null,"published_at":"2022-12-05T12:08:55Z","last_comment_at":"2022-12-05T12:08:55Z","reading_time_minutes":1,"tag_list":["leadership","team","teamwork","teamleader"],"tags":"leadership, team, teamwork, teamleader","user":{"name":"David Journeypreneur","username":"journeypreneur","twitter_username":"journeypreneur_","github_username":null,"user_id":967529,"website_url":null,"profile_image":"https://media.dev.to/cdn-cgi/image/width=640,height=640,fit=cover,gravity=auto,format=auto/https%3A%2F%2Fdev-to-uploads.s3.amazonaws.com%2Fuploads%2Fuser%2Fprofile_image%2F967529%2Fb06c0144-f2cc-43f7-8a4a-a338fb76bad1.jpg","profile_image_90":"https://media.dev.to/cdn-cgi/image/width=90,height=90,fit=cover,gravity=auto,format=auto/https%3A%2F%2Fdev-to-uploads.s3.amazonaws.com%2Fuploads%2Fuser%2Fprofile_image%2F967529%2Fb06c0144-f2cc-43f7-8a4a-a338fb76bad1.jpg"}},{"type_of":"article","id":1047601,"title":"Hiring #Node.js Team Lead in #Warsaw for the innovative start-up","description":"Hiring #Node.js Team Lead in #Warsaw for the innovative start-up, more details:...","readable_publish_date":"Apr 7 '22","slug":"hiring-nodejs-team-lead-in-warsaw-for-the-innovative-start-up-3bai","path":"/alina_23_23_m/hiring-nodejs-team-lead-in-warsaw-for-the-innovative-start-up-3bai","url":"https://dev.to/alina_23_23_m/hiring-nodejs-team-lead-in-warsaw-for-the-innovative-start-up-3bai","comments_count":0,"public_reactions_count":3,"collection_id":null,"published_timestamp":"2022-04-07T10:49:42Z","positive_reactions_count":3,"cover_image":"https://media.dev.to/cdn-cgi/image/width=1000,height=420,fit=cover,gravity=auto,format=auto/https%3A%2F%2Fdev-to-uploads.s3.amazonaws.com%2Fuploads%2Farticles%2Fhzhq1o9kw132wlvvr9tz.jpg","social_image":"https://media.dev.to/cdn-cgi/image/width=1000,height=500,fit=cover,gravity=auto,format=auto/https%3A%2F%2Fdev-to-uploads.s3.amazonaws.com%2Fuploads%2Farticles%2Fhzhq1o9kw132wlvvr9tz.jpg","canonical_url":"https://dev.to/alina_23_23_m/hiring-nodejs-team-lead-in-warsaw-for-the-innovative-start-up-3bai","created_at":"2022-04-07T10:49:42Z","edited_at":null,"crossposted_at":null,"published_at":"2022-04-07T10:49:42Z","last_comment_at":"2022-04-07T10:49:42Z","reading_time_minutes":1,"tag_list":["node","teamleader","warsaw"],"tags":"node, teamleader, warsaw","user":{"name":"Alina","username":"alina_23_23_m","twitter_username":"Alina_23_23_M","github_username":null,"user_id":831705,"website_url":null,"profile_image":"https://media.dev.to/cdn-cgi/image/width=640,height=640,fit=cover,gravity=auto,format=auto/https%3A%2F%2Fdev-to-uploads.s3.amazonaws.com%2Fuploads%2Fuser%2Fprofile_image%2F831705%2F72a61607-2765-4d90-a3a4-657a4827c35a.jpg","profile_image_90":"https://media.dev.to/cdn-cgi/image/width=90,height=90,fit=cover,gravity=auto,format=auto/https%3A%2F%2Fdev-to-uploads.s3.amazonaws.com%2Fuploads%2Fuser%2Fprofile_image%2F831705%2F72a61607-2765-4d90-a3a4-657a4827c35a.jpg"}},{"type_of":"article","id":535854,"title":"Metrics and Information over Emotions — How can data support your decisions","description":"Nobody likes to make difficult decisions that could potentially cost a lot of money or have a direct...","readable_publish_date":"Dec 7 '20","slug":"metrics-and-information-over-emotions-how-can-data-support-your-decisions-26c1","path":"/dominikmilaniak/metrics-and-information-over-emotions-how-can-data-support-your-decisions-26c1","url":"https://dev.to/dominikmilaniak/metrics-and-information-over-emotions-how-can-data-support-your-decisions-26c1","comments_count":0,"public_reactions_count":3,"collection_id":null,"published_timestamp":"2020-12-07T21:24:06Z","positive_reactions_count":3,"cover_image":"https://media.dev.to/cdn-cgi/image/width=1000,height=420,fit=cover,gravity=auto,format=auto/https%3A%2F%2Fdev-to-uploads.s3.amazonaws.com%2Fi%2F1zmd3ppcx7p82pnenepb.png","social_image":"https://media.dev.to/cdn-cgi/image/width=1000,height=500,fit=cover,gravity=auto,format=auto/https%3A%2F%2Fdev-to-uploads.s3.amazonaws.com%2Fi%2F1zmd3ppcx7p82pnenepb.png","canonical_url":"https://dev.to/dominikmilaniak/metrics-and-information-over-emotions-how-can-data-support-your-decisions-26c1","created_at":"2020-12-07T21:24:06Z","edited_at":null,"crossposted_at":null,"published_at":"2020-12-07T21:24:06Z","last_comment_at":"2020-12-07T21:24:06Z","reading_time_minutes":2,"tag_list":["todayilearned","dx","teamleader","management"],"tags":"todayilearned, dx, teamleader, management","user":{"name":"Dominik Milaniak","username":"dominikmilaniak","twitter_username":"dominikmilaniak","github_username":"DominikMilaniak","user_id":466263,"website_url":null,"profile_image":"https://media.dev.to/cdn-cgi/image/width=640,height=640,fit=cover,gravity=auto,format=auto/https%3A%2F%2Fdev-to-uploads.s3.amazonaws.com%2Fuploads%2Fuser%2Fprofile_image%2F466263%2F52bb91e0-42c7-424c-b023-65af74c691b8.jpg","profile_image_90":"https://media.dev.to/cdn-cgi/image/width=90,height=90,fit=cover,gravity=auto,format=auto/https%3A%2F%2Fdev-to-uploads.s3.amazonaws.com%2Fuploads%2Fuser%2Fprofile_image%2F466263%2F52bb91e0-42c7-424c-b023-65af74c691b8.jpg"},"flare_tag":{"name":"todayilearned","bg_color_hex":"#ffedc9","text_color_hex":"#820000"}},{"type_of":"article","id":187273,"title":"5 steps for becoming a great team leader","description":"Here’s a list of 5 valuable points to help you improve your leadership skills:   Guide with the examp...","readable_publish_date":"Oct 10 '19","slug":"5-steps-for-becoming-a-great-team-leader-5em9","path":"/euda_ar/5-steps-for-becoming-a-great-team-leader-5em9","url":"https://dev.to/euda_ar/5-steps-for-becoming-a-great-team-leader-5em9","comments_count":0,"public_reactions_count":43,"collection_id":null,"published_timestamp":"2019-10-10T13:43:05Z","positive_reactions_count":43,"cover_image":"https://res.cloudinary.com/practicaldev/image/fetch/s--qMEtqrSh--/c_imagga_scale,f_auto,fl_progressive,h_420,q_auto,w_1000/https://thepracticaldev.s3.amazonaws.com/i/s0igiyqwlj45o87sv8rd.jpeg","social_image":"https://res.cloudinary.com/practicaldev/image/fetch/s--B7ZK95AT--/c_imagga_scale,f_auto,fl_progressive,h_500,q_auto,w_1000/https://thepracticaldev.s3.amazonaws.com/i/s0igiyqwlj45o87sv8rd.jpeg","canonical_url":"https://dev.to/euda_ar/5-steps-for-becoming-a-great-team-leader-5em9","created_at":"2019-10-10T13:43:05Z","edited_at":null,"crossposted_at":null,"published_at":"2019-10-10T13:43:05Z","last_comment_at":"2019-10-10T13:43:05Z","reading_time_minutes":2,"tag_list":["skills","teamleader","teamwork","leadership"],"tags":"skills, teamleader, teamwork, leadership","user":{"name":"Euda","username":"euda_ar","twitter_username":"euda_ar","github_username":null,"user_id":217330,"website_url":"https://www.eudaimonia.com.ar","profile_image":"https://media.dev.to/cdn-cgi/image/width=640,height=640,fit=cover,gravity=auto,format=auto/https%3A%2F%2Fdev-to-uploads.s3.amazonaws.com%2Fuploads%2Fuser%2Fprofile_image%2F217330%2F202e4151-d39c-4480-9714-4f421eff9b95.png","profile_image_90":"https://media.dev.to/cdn-cgi/image/width=90,height=90,fit=cover,gravity=auto,format=auto/https%3A%2F%2Fdev-to-uploads.s3.amazonaws.com%2Fuploads%2Fuser%2Fprofile_image%2F217330%2F202e4151-d39c-4480-9714-4f421eff9b95.png"}},{"type_of":"article","id":41651,"title":"Senior Engineer","description":"\n\nToday morning I opened Pyonieri (Pyoneers), the Slovak \u0026amp; Czech Python user ...","readable_publish_date":"Jul 31 '18","slug":"senior-engineer-39b0","path":"/honzajavorek/senior-engineer-39b0","url":"https://dev.to/honzajavorek/senior-engineer-39b0","comments_count":2,"public_reactions_count":15,"collection_id":null,"published_timestamp":"2018-07-31T17:10:40Z","positive_reactions_count":15,"cover_image":"https://res.cloudinary.com/practicaldev/image/fetch/s--q87rRu4w--/c_imagga_scale,f_auto,fl_progressive,h_420,q_auto,w_1000/https://thepracticaldev.s3.amazonaws.com/i/h7y81q87ubiubjz2bewa.JPG","social_image":"https://res.cloudinary.com/practicaldev/image/fetch/s--iaFySTzW--/c_imagga_scale,f_auto,fl_progressive,h_500,q_auto,w_1000/https://thepracticaldev.s3.amazonaws.com/i/h7y81q87ubiubjz2bewa.JPG","canonical_url":"http://honzajavorek.cz/blog/senior-engineer","created_at":"2018-07-31T16:54:08Z","edited_at":null,"crossposted_at":"2018-07-31T17:10:40Z","published_at":"2018-07-27T13:02:00Z","last_comment_at":"2018-09-18T22:22:03Z","reading_time_minutes":0,"tag_list":["hiring","engineering","teamleader","peoplemanagement"],"tags":"hiring, engineering, teamleader, peoplemanagement","user":{"name":"Honza Javorek","username":"honzajavorek","twitter_username":"honzajavorek","github_username":"honzajavorek","user_id":5429,"website_url":"http://honzajavorek.cz","profile_image":"https://media.dev.to/cdn-cgi/image/width=640,height=640,fit=cover,gravity=auto,format=auto/https%3A%2F%2Fdev-to-uploads.s3.amazonaws.com%2Fuploads%2Fuser%2Fprofile_image%2F5429%2Fcb16db01-e957-4460-8f6d-927080c27aa3.jpg","profile_image_90":"https://media.dev.to/cdn-cgi/image/width=90,height=90,fit=cover,gravity=auto,format=auto/https%3A%2F%2Fdev-to-uploads.s3.amazonaws.com%2Fuploads%2Fuser%2Fprofile_image%2F5429%2Fcb16db01-e957-4460-8f6d-927080c27aa3.jpg"}}]