[{"type_of":"article","id":1901414,"title":"Who's the real boss? - Lead vs Manager","description":"Lead vs Manager in the workplace: Who is who?           Distinct Paths in Team Leadership   The...","readable_publish_date":"Jun 26","slug":"lead-vs-manager-59ag","path":"/zoltan_fehervari_52b16d1d/lead-vs-manager-59ag","url":"https://dev.to/zoltan_fehervari_52b16d1d/lead-vs-manager-59ag","comments_count":0,"public_reactions_count":0,"collection_id":null,"published_timestamp":"2024-06-26T14:44:28Z","positive_reactions_count":0,"cover_image":null,"social_image":"https://media.dev.to/cdn-cgi/image/width=1000,height=500,fit=cover,gravity=auto,format=auto/https%3A%2F%2Fdev-to-uploads.s3.amazonaws.com%2Fuploads%2Farticles%2Fpunw0v1kloc34xu4t8u3.png","canonical_url":"https://dev.to/zoltan_fehervari_52b16d1d/lead-vs-manager-59ag","created_at":"2024-06-26T14:44:29Z","edited_at":"2024-06-26T14:47:13Z","crossposted_at":null,"published_at":"2024-06-26T14:44:28Z","last_comment_at":"2024-06-26T14:44:28Z","reading_time_minutes":1,"tag_list":["lead","manager","teamleadership","management"],"tags":"lead, manager, teamleadership, management","user":{"name":"Zoltan Fehervari","username":"zoltan_fehervari_52b16d1d","twitter_username":null,"github_username":null,"user_id":1578930,"website_url":null,"profile_image":"https://media.dev.to/cdn-cgi/image/width=640,height=640,fit=cover,gravity=auto,format=auto/https%3A%2F%2Fdev-to-uploads.s3.amazonaws.com%2Fuploads%2Fuser%2Fprofile_image%2F1578930%2F232e7870-d410-4724-8d45-ca8d64797d4f.png","profile_image_90":"https://media.dev.to/cdn-cgi/image/width=90,height=90,fit=cover,gravity=auto,format=auto/https%3A%2F%2Fdev-to-uploads.s3.amazonaws.com%2Fuploads%2Fuser%2Fprofile_image%2F1578930%2F232e7870-d410-4724-8d45-ca8d64797d4f.png"}},{"type_of":"article","id":800809,"title":"Costs of losing an employee","description":"I am always posting provoking post on my Linkedin, and I have decided to replicate those...","readable_publish_date":"Aug 23 '21","slug":"costs-of-losing-an-employee-19af","path":"/apssouza22/costs-of-losing-an-employee-19af","url":"https://dev.to/apssouza22/costs-of-losing-an-employee-19af","comments_count":0,"public_reactions_count":0,"collection_id":null,"published_timestamp":"2021-08-23T12:33:35Z","positive_reactions_count":0,"cover_image":null,"social_image":"https://dev.to/social_previews/article/800809.png","canonical_url":"https://dev.to/apssouza22/costs-of-losing-an-employee-19af","created_at":"2021-08-23T12:33:35Z","edited_at":null,"crossposted_at":null,"published_at":"2021-08-23T12:33:35Z","last_comment_at":"2021-08-23T12:33:35Z","reading_time_minutes":2,"tag_list":["humanresource","teamleadership","projectmanagement"],"tags":"humanresource, teamleadership, projectmanagement","user":{"name":"Alexsandro Souza","username":"apssouza22","twitter_username":null,"github_username":"apssouza22","user_id":148860,"website_url":null,"profile_image":"https://media.dev.to/cdn-cgi/image/width=640,height=640,fit=cover,gravity=auto,format=auto/https%3A%2F%2Fdev-to-uploads.s3.amazonaws.com%2Fuploads%2Fuser%2Fprofile_image%2F148860%2F589bf13b-570f-4ed4-a2b7-b4ab0eea6fa5.jpeg","profile_image_90":"https://media.dev.to/cdn-cgi/image/width=90,height=90,fit=cover,gravity=auto,format=auto/https%3A%2F%2Fdev-to-uploads.s3.amazonaws.com%2Fuploads%2Fuser%2Fprofile_image%2F148860%2F589bf13b-570f-4ed4-a2b7-b4ab0eea6fa5.jpeg"}},{"type_of":"article","id":665229,"title":"You want me to do that? OK. What should I drop?","description":"You've got lots to do and someone asks you to do something extra. Ask them what you should drop. Don't allow others to burn you out.","readable_publish_date":"Apr 13 '21","slug":"you-want-me-to-do-that-ok-what-should-i-drop-1l99","path":"/taikedz/you-want-me-to-do-that-ok-what-should-i-drop-1l99","url":"https://dev.to/taikedz/you-want-me-to-do-that-ok-what-should-i-drop-1l99","comments_count":0,"public_reactions_count":0,"collection_id":null,"published_timestamp":"2021-04-13T23:18:50Z","positive_reactions_count":0,"cover_image":null,"social_image":"https://media.dev.to/cdn-cgi/image/width=1000,height=500,fit=cover,gravity=auto,format=auto/https%3A%2F%2Fdev-to-uploads.s3.amazonaws.com%2Fuploads%2Farticles%2Fom6achwzqvnakxhdoajo.png","canonical_url":"https://dev.to/taikedz/you-want-me-to-do-that-ok-what-should-i-drop-1l99","created_at":"2021-04-13T23:18:50Z","edited_at":"2021-04-14T07:07:17Z","crossposted_at":null,"published_at":"2021-04-13T23:18:50Z","last_comment_at":"2021-04-13T23:18:50Z","reading_time_minutes":2,"tag_list":["projectmanagement","programming","organisation","teamleadership"],"tags":"projectmanagement, programming, organisation, teamleadership","user":{"name":"Tai Kedzierski","username":"taikedz","twitter_username":null,"github_username":"taikedz","user_id":12252,"website_url":"https://dev.to/taikedz","profile_image":"https://media.dev.to/cdn-cgi/image/width=640,height=640,fit=cover,gravity=auto,format=auto/https%3A%2F%2Fdev-to-uploads.s3.amazonaws.com%2Fuploads%2Fuser%2Fprofile_image%2F12252%2F2dcdd5b9-d537-494e-b795-0488359d7dc6.png","profile_image_90":"https://media.dev.to/cdn-cgi/image/width=90,height=90,fit=cover,gravity=auto,format=auto/https%3A%2F%2Fdev-to-uploads.s3.amazonaws.com%2Fuploads%2Fuser%2Fprofile_image%2F12252%2F2dcdd5b9-d537-494e-b795-0488359d7dc6.png"}},{"type_of":"article","id":167470,"title":"Should you keep your pride as a development lead?","description":"We are all people; we were all born with different personalities that evolve throughout the years of our lives. The interesting fact is that we all have many behavioural aspects in common. One of them is pride. Pride comes in two kinds, the good and the bad one. In this article, I’m going to talk about pride that comes with title and power at the company. Is it fair to be prideful and keep the feeling of being high above others or not?","readable_publish_date":"Sep 8 '19","slug":"should-you-keep-your-pride-as-a-development-lead-n1i","path":"/robertjwozniak/should-you-keep-your-pride-as-a-development-lead-n1i","url":"https://dev.to/robertjwozniak/should-you-keep-your-pride-as-a-development-lead-n1i","comments_count":0,"public_reactions_count":4,"collection_id":null,"published_timestamp":"2019-09-08T21:18:02Z","positive_reactions_count":4,"cover_image":null,"social_image":"https://dev.to/social_previews/article/167470.png","canonical_url":"https://dev.to/robertjwozniak/should-you-keep-your-pride-as-a-development-lead-n1i","created_at":"2019-09-08T21:11:27Z","edited_at":null,"crossposted_at":null,"published_at":"2019-09-08T21:18:02Z","last_comment_at":"2019-09-08T21:18:02Z","reading_time_minutes":5,"tag_list":["leadership","teamleadership","teambuilding","development"],"tags":"leadership, teamleadership, teambuilding, development","user":{"name":"Robert Wozniak","username":"robertjwozniak","twitter_username":"RobertJWozniak","github_username":"robertjwozniak","user_id":96688,"website_url":"https://robertwozniak.blog","profile_image":"https://media.dev.to/cdn-cgi/image/width=640,height=640,fit=cover,gravity=auto,format=auto/https%3A%2F%2Fdev-to-uploads.s3.amazonaws.com%2Fuploads%2Fuser%2Fprofile_image%2F96688%2Fd08f8b3d-e14d-456e-a1d0-59938b773569.jpg","profile_image_90":"https://media.dev.to/cdn-cgi/image/width=90,height=90,fit=cover,gravity=auto,format=auto/https%3A%2F%2Fdev-to-uploads.s3.amazonaws.com%2Fuploads%2Fuser%2Fprofile_image%2F96688%2Fd08f8b3d-e14d-456e-a1d0-59938b773569.jpg"}}]