[{"type_of":"article","id":1894267,"title":"Ultimate Guide to Effective Project Progress Communication with Top Management","description":"Effective communication of project progress to top management is pivotal for the success of any...","readable_publish_date":"Jun 20","slug":"ultimate-guide-to-effective-project-progress-communication-with-top-management-10id","path":"/futuristicgeeks/ultimate-guide-to-effective-project-progress-communication-with-top-management-10id","url":"https://dev.to/futuristicgeeks/ultimate-guide-to-effective-project-progress-communication-with-top-management-10id","comments_count":0,"public_reactions_count":6,"collection_id":null,"published_timestamp":"2024-06-20T04:37:33Z","positive_reactions_count":6,"cover_image":null,"social_image":"https://media.dev.to/cdn-cgi/image/width=1000,height=500,fit=cover,gravity=auto,format=auto/https%3A%2F%2Fdev-to-uploads.s3.amazonaws.com%2Fuploads%2Farticles%2Fxgqg5e95urfyt7h450li.png","canonical_url":"https://dev.to/futuristicgeeks/ultimate-guide-to-effective-project-progress-communication-with-top-management-10id","created_at":"2024-06-20T04:37:34Z","edited_at":"2024-06-20T08:58:50Z","crossposted_at":null,"published_at":"2024-06-20T04:37:33Z","last_comment_at":"2024-06-20T04:37:33Z","reading_time_minutes":1,"tag_list":["webdev","leadership","teamlead","projectmanager"],"tags":"webdev, leadership, teamlead, projectmanager","user":{"name":"FuturisticGeeks","username":"futuristicgeeks","twitter_username":null,"github_username":null,"user_id":1527546,"website_url":"https://futuristicgeeks.com","profile_image":"https://media.dev.to/cdn-cgi/image/width=640,height=640,fit=cover,gravity=auto,format=auto/https%3A%2F%2Fdev-to-uploads.s3.amazonaws.com%2Fuploads%2Fuser%2Fprofile_image%2F1527546%2F63f6829c-b924-4872-91bf-68297c680d1f.jpeg","profile_image_90":"https://media.dev.to/cdn-cgi/image/width=90,height=90,fit=cover,gravity=auto,format=auto/https%3A%2F%2Fdev-to-uploads.s3.amazonaws.com%2Fuploads%2Fuser%2Fprofile_image%2F1527546%2F63f6829c-b924-4872-91bf-68297c680d1f.jpeg"}},{"type_of":"article","id":1781044,"title":"I am struggling to moderate the team meeting","description":"You are not alone! Facilitation skills are acquired over time, and with them a sense of confidence....","readable_publish_date":"Mar 5","slug":"i-am-struggling-to-moderate-the-team-meeting-4712","path":"/kobtoma/i-am-struggling-to-moderate-the-team-meeting-4712","url":"https://dev.to/kobtoma/i-am-struggling-to-moderate-the-team-meeting-4712","comments_count":0,"public_reactions_count":1,"collection_id":null,"published_timestamp":"2024-03-05T13:56:32Z","positive_reactions_count":1,"cover_image":"https://media.dev.to/cdn-cgi/image/width=1000,height=420,fit=cover,gravity=auto,format=auto/https%3A%2F%2Fdev-to-uploads.s3.amazonaws.com%2Fuploads%2Farticles%2F5xbpzt6pd6tunlipiuon.png","social_image":"https://media.dev.to/cdn-cgi/image/width=1000,height=500,fit=cover,gravity=auto,format=auto/https%3A%2F%2Fdev-to-uploads.s3.amazonaws.com%2Fuploads%2Farticles%2F5xbpzt6pd6tunlipiuon.png","canonical_url":"https://dev.to/kobtoma/i-am-struggling-to-moderate-the-team-meeting-4712","created_at":"2024-03-05T13:56:33Z","edited_at":null,"crossposted_at":null,"published_at":"2024-03-05T13:56:32Z","last_comment_at":"2024-03-05T13:56:32Z","reading_time_minutes":3,"tag_list":["teamlead","meetings","beginners","discuss"],"tags":"teamlead, meetings, beginners, discuss","user":{"name":"Tamara","username":"kobtoma","twitter_username":null,"github_username":null,"user_id":1282300,"website_url":null,"profile_image":"https://media.dev.to/cdn-cgi/image/width=640,height=640,fit=cover,gravity=auto,format=auto/https%3A%2F%2Fdev-to-uploads.s3.amazonaws.com%2Fuploads%2Fuser%2Fprofile_image%2F1282300%2F4d3dcd6b-86bc-42ca-a454-bc3840bbcc3d.jpg","profile_image_90":"https://media.dev.to/cdn-cgi/image/width=90,height=90,fit=cover,gravity=auto,format=auto/https%3A%2F%2Fdev-to-uploads.s3.amazonaws.com%2Fuploads%2Fuser%2Fprofile_image%2F1282300%2F4d3dcd6b-86bc-42ca-a454-bc3840bbcc3d.jpg"},"flare_tag":{"name":"discuss","bg_color_hex":"#71EA8B","text_color_hex":"#FFFFFF"}},{"type_of":"article","id":1763047,"title":"Soft Skills for developers and team leaders","description":"Hello there! My team and I are working with IT-specialists for a lot of years, and we've heard from...","readable_publish_date":"Feb 16","slug":"soft-skills-for-developers-and-team-leaders-3omn","path":"/kobtoma/soft-skills-for-developers-and-team-leaders-3omn","url":"https://dev.to/kobtoma/soft-skills-for-developers-and-team-leaders-3omn","comments_count":0,"public_reactions_count":0,"collection_id":null,"published_timestamp":"2024-02-16T10:18:35Z","positive_reactions_count":0,"cover_image":"https://media.dev.to/cdn-cgi/image/width=1000,height=420,fit=cover,gravity=auto,format=auto/https%3A%2F%2Fdev-to-uploads.s3.amazonaws.com%2Fuploads%2Farticles%2F4hniit06zjezf1rjl5us.png","social_image":"https://media.dev.to/cdn-cgi/image/width=1000,height=500,fit=cover,gravity=auto,format=auto/https%3A%2F%2Fdev-to-uploads.s3.amazonaws.com%2Fuploads%2Farticles%2F4hniit06zjezf1rjl5us.png","canonical_url":"https://dev.to/kobtoma/soft-skills-for-developers-and-team-leaders-3omn","created_at":"2024-02-16T10:18:36Z","edited_at":null,"crossposted_at":null,"published_at":"2024-02-16T10:18:35Z","last_comment_at":"2024-02-16T10:18:35Z","reading_time_minutes":1,"tag_list":["teamlead","productivity","career","learning"],"tags":"teamlead, productivity, career, learning","user":{"name":"Tamara","username":"kobtoma","twitter_username":null,"github_username":null,"user_id":1282300,"website_url":null,"profile_image":"https://media.dev.to/cdn-cgi/image/width=640,height=640,fit=cover,gravity=auto,format=auto/https%3A%2F%2Fdev-to-uploads.s3.amazonaws.com%2Fuploads%2Fuser%2Fprofile_image%2F1282300%2F4d3dcd6b-86bc-42ca-a454-bc3840bbcc3d.jpg","profile_image_90":"https://media.dev.to/cdn-cgi/image/width=90,height=90,fit=cover,gravity=auto,format=auto/https%3A%2F%2Fdev-to-uploads.s3.amazonaws.com%2Fuploads%2Fuser%2Fprofile_image%2F1282300%2F4d3dcd6b-86bc-42ca-a454-bc3840bbcc3d.jpg"}},{"type_of":"article","id":1424110,"title":"5 principles of effective communication with a team-lead","description":"Try to make your work more clear. So that the supervisor doesn't have to come to you asking, \"What's...","readable_publish_date":"Apr 3 '23","slug":"5-principles-of-effective-communication-with-a-team-lead-1pfm","path":"/romanwrites/5-principles-of-effective-communication-with-a-team-lead-1pfm","url":"https://dev.to/romanwrites/5-principles-of-effective-communication-with-a-team-lead-1pfm","comments_count":0,"public_reactions_count":0,"collection_id":null,"published_timestamp":"2023-04-03T11:46:33Z","positive_reactions_count":0,"cover_image":null,"social_image":"https://dev.to/social_previews/article/1424110.png","canonical_url":"https://dev.to/romanwrites/5-principles-of-effective-communication-with-a-team-lead-1pfm","created_at":"2023-04-03T11:46:33Z","edited_at":null,"crossposted_at":null,"published_at":"2023-04-03T11:46:33Z","last_comment_at":"2023-04-03T11:46:33Z","reading_time_minutes":1,"tag_list":["softskill","communication","teamlead"],"tags":"softskill, communication, teamlead","user":{"name":"romanwrites","username":"romanwrites","twitter_username":null,"github_username":"romanwrites","user_id":497639,"website_url":"https://www.linkedin.com/in/roman-kukin/","profile_image":"https://media.dev.to/cdn-cgi/image/width=640,height=640,fit=cover,gravity=auto,format=auto/https%3A%2F%2Fdev-to-uploads.s3.amazonaws.com%2Fuploads%2Fuser%2Fprofile_image%2F497639%2F9e414929-ca6f-444e-a11f-7e2560bc302e.jpeg","profile_image_90":"https://media.dev.to/cdn-cgi/image/width=90,height=90,fit=cover,gravity=auto,format=auto/https%3A%2F%2Fdev-to-uploads.s3.amazonaws.com%2Fuploads%2Fuser%2Fprofile_image%2F497639%2F9e414929-ca6f-444e-a11f-7e2560bc302e.jpeg"}},{"type_of":"article","id":1395095,"title":"Managing humans","description":"This is my journey to becoming a team lead and my perspective on work and personal growth, and building strong relationships.","readable_publish_date":"Mar 20 '23","slug":"managing-humans-1ihp","path":"/luis_sserrano/managing-humans-1ihp","url":"https://dev.to/luis_sserrano/managing-humans-1ihp","comments_count":2,"public_reactions_count":1,"collection_id":null,"published_timestamp":"2023-03-20T00:00:57Z","positive_reactions_count":1,"cover_image":null,"social_image":"https://dev.to/social_previews/article/1395095.png","canonical_url":"https://dev.to/luis_sserrano/managing-humans-1ihp","created_at":"2023-03-09T23:56:57Z","edited_at":null,"crossposted_at":null,"published_at":"2023-03-20T00:00:57Z","last_comment_at":"2023-03-22T22:50:24Z","reading_time_minutes":4,"tag_list":["teamlead","management","career","books"],"tags":"teamlead, management, career, books","user":{"name":"Luís Serrano","username":"luis_sserrano","twitter_username":"luis_sserrano","github_username":"luisgserrano","user_id":89671,"website_url":null,"profile_image":"https://media.dev.to/cdn-cgi/image/width=640,height=640,fit=cover,gravity=auto,format=auto/https%3A%2F%2Fdev-to-uploads.s3.amazonaws.com%2Fuploads%2Fuser%2Fprofile_image%2F89671%2Fa024c631-98f8-4ae5-a04d-c0602602244e.jpeg","profile_image_90":"https://media.dev.to/cdn-cgi/image/width=90,height=90,fit=cover,gravity=auto,format=auto/https%3A%2F%2Fdev-to-uploads.s3.amazonaws.com%2Fuploads%2Fuser%2Fprofile_image%2F89671%2Fa024c631-98f8-4ae5-a04d-c0602602244e.jpeg"}},{"type_of":"article","id":1089847,"title":"The small fraction of your team will do most of the work","description":"I am always posting provoking post on my Linkedin, and I have decided to replicate those...","readable_publish_date":"May 19 '22","slug":"the-small-fraction-of-your-team-will-do-most-of-the-work-1deb","path":"/apssouza22/the-small-fraction-of-your-team-will-do-most-of-the-work-1deb","url":"https://dev.to/apssouza22/the-small-fraction-of-your-team-will-do-most-of-the-work-1deb","comments_count":0,"public_reactions_count":0,"collection_id":null,"published_timestamp":"2022-05-19T13:32:04Z","positive_reactions_count":0,"cover_image":null,"social_image":"https://dev.to/social_previews/article/1089847.png","canonical_url":"https://dev.to/apssouza22/the-small-fraction-of-your-team-will-do-most-of-the-work-1deb","created_at":"2022-05-19T13:32:04Z","edited_at":"2022-05-26T10:13:00Z","crossposted_at":null,"published_at":"2022-05-19T13:32:04Z","last_comment_at":"2022-05-19T13:32:04Z","reading_time_minutes":1,"tag_list":["teamlead","humanresource","highperformanceteam","projectmanagement"],"tags":"teamlead, humanresource, highperformanceteam, projectmanagement","user":{"name":"Alexsandro Souza","username":"apssouza22","twitter_username":null,"github_username":"apssouza22","user_id":148860,"website_url":null,"profile_image":"https://media.dev.to/cdn-cgi/image/width=640,height=640,fit=cover,gravity=auto,format=auto/https%3A%2F%2Fdev-to-uploads.s3.amazonaws.com%2Fuploads%2Fuser%2Fprofile_image%2F148860%2F589bf13b-570f-4ed4-a2b7-b4ab0eea6fa5.jpeg","profile_image_90":"https://media.dev.to/cdn-cgi/image/width=90,height=90,fit=cover,gravity=auto,format=auto/https%3A%2F%2Fdev-to-uploads.s3.amazonaws.com%2Fuploads%2Fuser%2Fprofile_image%2F148860%2F589bf13b-570f-4ed4-a2b7-b4ab0eea6fa5.jpeg"}},{"type_of":"article","id":800807,"title":"Is The 10x developer a myth?","description":"I am always posting provoking post on my Linkedin, and I have decided to replicate those...","readable_publish_date":"Aug 23 '21","slug":"is-the-10x-developer-a-myth-33h4","path":"/apssouza22/is-the-10x-developer-a-myth-33h4","url":"https://dev.to/apssouza22/is-the-10x-developer-a-myth-33h4","comments_count":4,"public_reactions_count":0,"collection_id":null,"published_timestamp":"2021-08-23T12:29:32Z","positive_reactions_count":0,"cover_image":null,"social_image":"https://dev.to/social_previews/article/800807.png","canonical_url":"https://dev.to/apssouza22/is-the-10x-developer-a-myth-33h4","created_at":"2021-08-23T12:29:32Z","edited_at":null,"crossposted_at":null,"published_at":"2021-08-23T12:29:32Z","last_comment_at":"2023-03-04T12:54:44Z","reading_time_minutes":2,"tag_list":["teamlead","people","humanresource"],"tags":"teamlead, people, humanresource","user":{"name":"Alexsandro Souza","username":"apssouza22","twitter_username":null,"github_username":"apssouza22","user_id":148860,"website_url":null,"profile_image":"https://media.dev.to/cdn-cgi/image/width=640,height=640,fit=cover,gravity=auto,format=auto/https%3A%2F%2Fdev-to-uploads.s3.amazonaws.com%2Fuploads%2Fuser%2Fprofile_image%2F148860%2F589bf13b-570f-4ed4-a2b7-b4ab0eea6fa5.jpeg","profile_image_90":"https://media.dev.to/cdn-cgi/image/width=90,height=90,fit=cover,gravity=auto,format=auto/https%3A%2F%2Fdev-to-uploads.s3.amazonaws.com%2Fuploads%2Fuser%2Fprofile_image%2F148860%2F589bf13b-570f-4ed4-a2b7-b4ab0eea6fa5.jpeg"}},{"type_of":"article","id":493704,"title":"Aha! I discovered Conway's law","description":"Conway's law, let's share experiences","readable_publish_date":"Oct 21 '20","slug":"aha-i-discovered-conway-s-law-2h02","path":"/sebbdk/aha-i-discovered-conway-s-law-2h02","url":"https://dev.to/sebbdk/aha-i-discovered-conway-s-law-2h02","comments_count":0,"public_reactions_count":1,"collection_id":null,"published_timestamp":"2020-10-21T11:47:55Z","positive_reactions_count":1,"cover_image":null,"social_image":"https://dev.to/social_previews/article/493704.png","canonical_url":"https://dev.to/sebbdk/aha-i-discovered-conway-s-law-2h02","created_at":"2020-10-21T11:19:15Z","edited_at":"2021-07-05T20:44:55Z","crossposted_at":null,"published_at":"2020-10-21T11:47:55Z","last_comment_at":"2022-06-17T20:39:22Z","reading_time_minutes":2,"tag_list":["discuss","conway","management","teamlead"],"tags":"discuss, conway, management, teamlead","user":{"name":"Sebastian Vargr","username":"sebbdk","twitter_username":null,"github_username":"sebbdk","user_id":162707,"website_url":null,"profile_image":"https://media.dev.to/cdn-cgi/image/width=640,height=640,fit=cover,gravity=auto,format=auto/https%3A%2F%2Fdev-to-uploads.s3.amazonaws.com%2Fuploads%2Fuser%2Fprofile_image%2F162707%2Fec9d10df-acbb-4827-816e-6e4706275a32.png","profile_image_90":"https://media.dev.to/cdn-cgi/image/width=90,height=90,fit=cover,gravity=auto,format=auto/https%3A%2F%2Fdev-to-uploads.s3.amazonaws.com%2Fuploads%2Fuser%2Fprofile_image%2F162707%2Fec9d10df-acbb-4827-816e-6e4706275a32.png"},"flare_tag":{"name":"discuss","bg_color_hex":"#71EA8B","text_color_hex":"#FFFFFF"}},{"type_of":"article","id":428290,"title":"How to Become a Lead Developer?","description":"Starting in 2009, I've worked as a software engineer, lead developer, engineering manager,...","readable_publish_date":"Aug 15 '20","slug":"how-to-become-a-lead-developer-j63","path":"/nidup/how-to-become-a-lead-developer-j63","url":"https://dev.to/nidup/how-to-become-a-lead-developer-j63","comments_count":0,"public_reactions_count":3,"collection_id":null,"published_timestamp":"2020-08-15T11:42:05Z","positive_reactions_count":3,"cover_image":null,"social_image":"https://dev.to/social_previews/article/428290.png","canonical_url":"https://www.nidup.io/blog/how-to-become-a-lead-developer","created_at":"2020-08-15T11:34:14Z","edited_at":"2022-03-16T18:05:01Z","crossposted_at":null,"published_at":"2020-08-15T11:42:05Z","last_comment_at":"2020-08-15T11:42:05Z","reading_time_minutes":4,"tag_list":["leaddeveloper","leadengineer","teamlead","leadership"],"tags":"leaddeveloper, leadengineer, teamlead, leadership","user":{"name":"Nicolas Dupont","username":"nidup","twitter_username":"duponico","github_username":"nidup","user_id":363279,"website_url":"https://www.nidup.io","profile_image":"https://media.dev.to/cdn-cgi/image/width=640,height=640,fit=cover,gravity=auto,format=auto/https%3A%2F%2Fdev-to-uploads.s3.amazonaws.com%2Fuploads%2Fuser%2Fprofile_image%2F363279%2F2240ff8a-af9c-4879-9f62-70778eae2ba5.jpeg","profile_image_90":"https://media.dev.to/cdn-cgi/image/width=90,height=90,fit=cover,gravity=auto,format=auto/https%3A%2F%2Fdev-to-uploads.s3.amazonaws.com%2Fuploads%2Fuser%2Fprofile_image%2F363279%2F2240ff8a-af9c-4879-9f62-70778eae2ba5.jpeg"}},{"type_of":"article","id":207603,"title":"Team Lead’s Guide: How to Deliver Software Effectively","description":"","readable_publish_date":"Nov 19 '19","slug":"team-lead-s-guide-how-to-deliver-software-effectively-40lp","path":"/irek02/team-lead-s-guide-how-to-deliver-software-effectively-40lp","url":"https://dev.to/irek02/team-lead-s-guide-how-to-deliver-software-effectively-40lp","comments_count":1,"public_reactions_count":24,"collection_id":null,"published_timestamp":"2019-11-19T02:59:40Z","positive_reactions_count":24,"cover_image":null,"social_image":"https://dev.to/social_previews/article/207603.png","canonical_url":"https://medium.com/@irek.m/team-leads-guide-how-to-deliver-software-effectively-56f3afd238b8","created_at":"2019-11-19T02:59:40Z","edited_at":null,"crossposted_at":null,"published_at":"2019-11-19T02:59:40Z","last_comment_at":"2019-11-22T02:22:40Z","reading_time_minutes":16,"tag_list":["teamlead","techlead"],"tags":"teamlead, techlead","user":{"name":"Irek Mirgaleev","username":"irek02","twitter_username":null,"github_username":"irek02","user_id":107697,"website_url":"https://www.udemy.com/user/irek-mirgaleev/","profile_image":"https://media.dev.to/cdn-cgi/image/width=640,height=640,fit=cover,gravity=auto,format=auto/https%3A%2F%2Fdev-to-uploads.s3.amazonaws.com%2Fuploads%2Fuser%2Fprofile_image%2F107697%2Fba9fe792-3a5a-4d4a-a8a6-dadd7b9f7ea4.jpeg","profile_image_90":"https://media.dev.to/cdn-cgi/image/width=90,height=90,fit=cover,gravity=auto,format=auto/https%3A%2F%2Fdev-to-uploads.s3.amazonaws.com%2Fuploads%2Fuser%2Fprofile_image%2F107697%2Fba9fe792-3a5a-4d4a-a8a6-dadd7b9f7ea4.jpeg"}},{"type_of":"article","id":344898,"title":"Coding to relax from obligations","description":"Going through a stressfull period at work at the moment. Finally got a chance to code without interru...","readable_publish_date":"May 27 '20","slug":"coding-to-relax-from-obligations-2b98","path":"/sebbdk/coding-to-relax-from-obligations-2b98","url":"https://dev.to/sebbdk/coding-to-relax-from-obligations-2b98","comments_count":0,"public_reactions_count":2,"collection_id":null,"published_timestamp":"2020-05-27T14:50:25Z","positive_reactions_count":2,"cover_image":null,"social_image":"https://dev.to/social_previews/article/344898.png","canonical_url":"https://dev.to/sebbdk/coding-to-relax-from-obligations-2b98","created_at":"2020-05-27T14:47:43Z","edited_at":null,"crossposted_at":null,"published_at":"2020-05-27T14:50:25Z","last_comment_at":"2020-05-27T14:50:25Z","reading_time_minutes":1,"tag_list":["teamlead","techlead","discuss"],"tags":"teamlead, techlead, discuss","user":{"name":"Sebastian Vargr","username":"sebbdk","twitter_username":null,"github_username":"sebbdk","user_id":162707,"website_url":null,"profile_image":"https://media.dev.to/cdn-cgi/image/width=640,height=640,fit=cover,gravity=auto,format=auto/https%3A%2F%2Fdev-to-uploads.s3.amazonaws.com%2Fuploads%2Fuser%2Fprofile_image%2F162707%2Fec9d10df-acbb-4827-816e-6e4706275a32.png","profile_image_90":"https://media.dev.to/cdn-cgi/image/width=90,height=90,fit=cover,gravity=auto,format=auto/https%3A%2F%2Fdev-to-uploads.s3.amazonaws.com%2Fuploads%2Fuser%2Fprofile_image%2F162707%2Fec9d10df-acbb-4827-816e-6e4706275a32.png"},"flare_tag":{"name":"discuss","bg_color_hex":"#71EA8B","text_color_hex":"#FFFFFF"}},{"type_of":"article","id":86064,"title":"Is Team Lead role a fit for you? ","description":"Are you a developer transitioning into or considering a Team Lead role?","readable_publish_date":"Feb 26 '19","slug":"is-team-lead-role-a-fit-for-you--26dj","path":"/sarngru/is-team-lead-role-a-fit-for-you--26dj","url":"https://dev.to/sarngru/is-team-lead-role-a-fit-for-you--26dj","comments_count":0,"public_reactions_count":5,"collection_id":null,"published_timestamp":"2019-02-26T00:23:53Z","positive_reactions_count":5,"cover_image":null,"social_image":"https://res.cloudinary.com/practicaldev/image/url2png/s--odE1W22n--/c_limit,g_north,h_400,w_800/https://dev.to/social_previews/article/86064%3Fbust%3D0-Is%20Team%20Lead%20role%20a%20fit%20for%20you%3F%20-true","canonical_url":"https://dev.to/sarngru/is-team-lead-role-a-fit-for-you--26dj","created_at":"2019-02-26T00:23:53Z","edited_at":null,"crossposted_at":null,"published_at":"2019-02-26T00:23:53Z","last_comment_at":"2019-02-26T00:23:53Z","reading_time_minutes":2,"tag_list":["teamlead","careerpaths"],"tags":"teamlead, careerpaths","user":{"name":"grusingh","username":"grusingh","twitter_username":"singh_gru","github_username":"grusingh","user_id":140336,"website_url":null,"profile_image":"https://media.dev.to/cdn-cgi/image/width=640,height=640,fit=cover,gravity=auto,format=auto/https%3A%2F%2Fdev-to-uploads.s3.amazonaws.com%2Fuploads%2Fuser%2Fprofile_image%2F140336%2Fad4a339c-77e0-4978-baa5-25ca06057b96.png","profile_image_90":"https://media.dev.to/cdn-cgi/image/width=90,height=90,fit=cover,gravity=auto,format=auto/https%3A%2F%2Fdev-to-uploads.s3.amazonaws.com%2Fuploads%2Fuser%2Fprofile_image%2F140336%2Fad4a339c-77e0-4978-baa5-25ca06057b96.png"}}]