[{"type_of":"article","id":350881,"title":"Are unit tests a waste of your time?","description":"First published on techpilot.dev   TL;DR In a perfect world, we would have automated tests for every...","readable_publish_date":"Jun 7 '20","slug":"are-unit-tests-a-waste-of-your-time-5al0","path":"/rad_val_/are-unit-tests-a-waste-of-your-time-5al0","url":"https://dev.to/rad_val_/are-unit-tests-a-waste-of-your-time-5al0","comments_count":26,"public_reactions_count":34,"collection_id":null,"published_timestamp":"2020-06-07T22:36:00Z","positive_reactions_count":34,"cover_image":"https://media.dev.to/cdn-cgi/image/width=1000,height=420,fit=cover,gravity=auto,format=auto/https%3A%2F%2Fdev-to-uploads.s3.amazonaws.com%2Fi%2Fx30pp5v35zfl9qncosvc.jpg","social_image":"https://media.dev.to/cdn-cgi/image/width=1000,height=500,fit=cover,gravity=auto,format=auto/https%3A%2F%2Fdev-to-uploads.s3.amazonaws.com%2Fi%2Fx30pp5v35zfl9qncosvc.jpg","canonical_url":"https://techpilot.dev/article/are-unit-tests-a-waste-of-time","created_at":"2020-06-07T17:08:59Z","edited_at":"2020-10-30T23:41:15Z","crossposted_at":null,"published_at":"2020-06-07T22:36:00Z","last_comment_at":"2024-02-20T03:22:10Z","reading_time_minutes":2,"tag_list":["testing","bestpractices","teamleading"],"tags":"testing, bestpractices, teamleading","user":{"name":"Valentin Radu","username":"rad_val_","twitter_username":"rad_val_","github_username":"valentinradu","user_id":396639,"website_url":"https://techpiIot.dev","profile_image":"https://media.dev.to/cdn-cgi/image/width=640,height=640,fit=cover,gravity=auto,format=auto/https%3A%2F%2Fdev-to-uploads.s3.amazonaws.com%2Fuploads%2Fuser%2Fprofile_image%2F396639%2Fb03c313b-f45a-4b31-8635-49a003fa73b5.jpeg","profile_image_90":"https://media.dev.to/cdn-cgi/image/width=90,height=90,fit=cover,gravity=auto,format=auto/https%3A%2F%2Fdev-to-uploads.s3.amazonaws.com%2Fuploads%2Fuser%2Fprofile_image%2F396639%2Fb03c313b-f45a-4b31-8635-49a003fa73b5.jpeg"}},{"type_of":"article","id":77414,"title":"Radical Candor in Practice","description":"A.k.a. how to get the truth from your direct reports while you sit back and eat cake.  You’ve been a...","readable_publish_date":"Jan 23 '19","slug":"radical-candor-in-practice-16f0","path":"/darraghor/radical-candor-in-practice-16f0","url":"https://dev.to/darraghor/radical-candor-in-practice-16f0","comments_count":0,"public_reactions_count":5,"collection_id":null,"published_timestamp":"2019-01-23T03:49:49Z","positive_reactions_count":5,"cover_image":null,"social_image":"https://dev.to/social_previews/article/77414.png","canonical_url":"https://www.darraghoriordan.com/2017/08/20/radical-candor-in-practice-get-useful-and-honest-leadership-feedback-from-your-team/","created_at":"2019-01-23T00:29:20Z","edited_at":null,"crossposted_at":"2019-01-23T03:49:49Z","published_at":"2017-08-14T17:12:33Z","last_comment_at":"2017-08-14T17:12:33Z","reading_time_minutes":4,"tag_list":["management","teamleading","leadership"],"tags":"management, teamleading, leadership","user":{"name":"Darragh O'Riordan","username":"darraghor","twitter_username":"darraghor","github_username":"darraghoriordan","user_id":129214,"website_url":"https://www.darraghoriordan.com","profile_image":"https://media.dev.to/cdn-cgi/image/width=640,height=640,fit=cover,gravity=auto,format=auto/https%3A%2F%2Fdev-to-uploads.s3.amazonaws.com%2Fuploads%2Fuser%2Fprofile_image%2F129214%2F9eb22178-42e0-4df3-8ee7-c920087d5bbf.jpg","profile_image_90":"https://media.dev.to/cdn-cgi/image/width=90,height=90,fit=cover,gravity=auto,format=auto/https%3A%2F%2Fdev-to-uploads.s3.amazonaws.com%2Fuploads%2Fuser%2Fprofile_image%2F129214%2F9eb22178-42e0-4df3-8ee7-c920087d5bbf.jpg"}},{"type_of":"article","id":20617,"title":"15 Random Pieces Of Wisdom About People Management","description":"Some sundry thoughts I've had throughout my career as a developer and more recently also a team leader.","readable_publish_date":"Feb 21 '18","slug":"15-random-pieces-of-wisdom-about-people-management--1n9b","path":"/ice_lenor/15-random-pieces-of-wisdom-about-people-management--1n9b","url":"https://dev.to/ice_lenor/15-random-pieces-of-wisdom-about-people-management--1n9b","comments_count":34,"public_reactions_count":169,"collection_id":null,"published_timestamp":"2018-02-21T19:29:32Z","positive_reactions_count":169,"cover_image":"https://res.cloudinary.com/practicaldev/image/fetch/s--0RanUsmU--/c_imagga_scale,f_auto,fl_progressive,h_420,q_auto,w_1000/https://thepracticaldev.s3.amazonaws.com/i/4zz6tsd0au040h3uboh6.JPG","social_image":"https://res.cloudinary.com/practicaldev/image/fetch/s--hBIezJ68--/c_imagga_scale,f_auto,fl_progressive,h_500,q_auto,w_1000/https://thepracticaldev.s3.amazonaws.com/i/4zz6tsd0au040h3uboh6.JPG","canonical_url":"https://dev.to/ice_lenor/15-random-pieces-of-wisdom-about-people-management--1n9b","created_at":"2018-02-21T19:29:32Z","edited_at":"2018-03-21T23:54:54Z","crossposted_at":null,"published_at":"2018-02-21T19:29:32Z","last_comment_at":"2020-08-07T23:39:44Z","reading_time_minutes":2,"tag_list":["management","advice","people","teamleading"],"tags":"management, advice, people, teamleading","user":{"name":"Elena","username":"ice_lenor","twitter_username":"ice_lenor","github_username":null,"user_id":17692,"website_url":"http://smartpuffin.com/","profile_image":"https://media.dev.to/cdn-cgi/image/width=640,height=640,fit=cover,gravity=auto,format=auto/https%3A%2F%2Fdev-to-uploads.s3.amazonaws.com%2Fuploads%2Fuser%2Fprofile_image%2F17692%2F0c1e08f1-cb6c-4ae7-be0b-3fd5ce00f174.jpg","profile_image_90":"https://media.dev.to/cdn-cgi/image/width=90,height=90,fit=cover,gravity=auto,format=auto/https%3A%2F%2Fdev-to-uploads.s3.amazonaws.com%2Fuploads%2Fuser%2Fprofile_image%2F17692%2F0c1e08f1-cb6c-4ae7-be0b-3fd5ce00f174.jpg"}},{"type_of":"article","id":283844,"title":"For Something Special, Optimize Your Team for Harmony","description":"A few weeks ago, I was on a 1-on-1 with my manager and he asked me a simple question: \"How is the tea...","readable_publish_date":"Mar 18 '20","slug":"for-something-special-optimize-your-team-for-harmony-9nl","path":"/o_numero10/for-something-special-optimize-your-team-for-harmony-9nl","url":"https://dev.to/o_numero10/for-something-special-optimize-your-team-for-harmony-9nl","comments_count":0,"public_reactions_count":5,"collection_id":null,"published_timestamp":"2020-03-18T21:22:16Z","positive_reactions_count":5,"cover_image":"https://media.dev.to/cdn-cgi/image/width=1000,height=420,fit=cover,gravity=auto,format=auto/https%3A%2F%2Fdev-to-uploads.s3.amazonaws.com%2Fi%2Fyq4yvc1azw5ixxnzlk4i.png","social_image":"https://media.dev.to/cdn-cgi/image/width=1000,height=500,fit=cover,gravity=auto,format=auto/https%3A%2F%2Fdev-to-uploads.s3.amazonaws.com%2Fi%2Fyq4yvc1azw5ixxnzlk4i.png","canonical_url":"https://filipesilva.me/blog/for-something-special-optimize-your-team-for-harmony/","created_at":"2020-03-18T21:22:16Z","edited_at":null,"crossposted_at":null,"published_at":"2020-03-18T21:22:16Z","last_comment_at":"2020-03-18T21:22:16Z","reading_time_minutes":6,"tag_list":["manageent","leadership","advice","teamleading"],"tags":"manageent, leadership, advice, teamleading","user":{"name":"Filipe Silva","username":"o_numero10","twitter_username":"o_numero10","github_username":"realgabriel","user_id":175684,"website_url":"https://filipesilva.me/","profile_image":"https://media.dev.to/cdn-cgi/image/width=640,height=640,fit=cover,gravity=auto,format=auto/https%3A%2F%2Fdev-to-uploads.s3.amazonaws.com%2Fuploads%2Fuser%2Fprofile_image%2F175684%2Fcc02f0c2-fe47-471e-a995-8683eae5ef12.jpg","profile_image_90":"https://media.dev.to/cdn-cgi/image/width=90,height=90,fit=cover,gravity=auto,format=auto/https%3A%2F%2Fdev-to-uploads.s3.amazonaws.com%2Fuploads%2Fuser%2Fprofile_image%2F175684%2Fcc02f0c2-fe47-471e-a995-8683eae5ef12.jpg"}}]