[{"type_of":"article","id":679173,"title":"Conhecimentos inesperados de um Tech Leader | Pesadelo na Cozinha: Introdução","description":"Correlações entre o mundo de Pesadelo na Cozinha e um Tech Leader","readable_publish_date":"Apr 26 '21","slug":"conhecimentos-inesperados-de-um-tech-leader-pesadelo-na-cozinha-introducao-5b5j","path":"/arthurfnsc/conhecimentos-inesperados-de-um-tech-leader-pesadelo-na-cozinha-introducao-5b5j","url":"https://dev.to/arthurfnsc/conhecimentos-inesperados-de-um-tech-leader-pesadelo-na-cozinha-introducao-5b5j","comments_count":0,"public_reactions_count":2,"collection_id":null,"published_timestamp":"2021-04-26T16:06:40Z","positive_reactions_count":2,"cover_image":"https://media.dev.to/cdn-cgi/image/width=1000,height=420,fit=cover,gravity=auto,format=auto/https%3A%2F%2Fdev-to-uploads.s3.amazonaws.com%2Fuploads%2Farticles%2F7gn8mp7qt37x2jtufynw.jpg","social_image":"https://media.dev.to/cdn-cgi/image/width=1000,height=500,fit=cover,gravity=auto,format=auto/https%3A%2F%2Fdev-to-uploads.s3.amazonaws.com%2Fuploads%2Farticles%2F7gn8mp7qt37x2jtufynw.jpg","canonical_url":"https://dev.to/arthurfnsc/conhecimentos-inesperados-de-um-tech-leader-pesadelo-na-cozinha-introducao-5b5j","created_at":"2021-04-26T16:06:40Z","edited_at":null,"crossposted_at":null,"published_at":"2021-04-26T16:06:40Z","last_comment_at":"2021-04-26T16:06:40Z","reading_time_minutes":4,"tag_list":["techleader","software","pesadelonacozinha"],"tags":"techleader, software, pesadelonacozinha","user":{"name":"Arthur Fonseca","username":"arthurfnsc","twitter_username":"arthurfnsc","github_username":"arthurfnsc","user_id":87316,"website_url":null,"profile_image":"https://media.dev.to/cdn-cgi/image/width=640,height=640,fit=cover,gravity=auto,format=auto/https%3A%2F%2Fdev-to-uploads.s3.amazonaws.com%2Fuploads%2Fuser%2Fprofile_image%2F87316%2Fa4cff5ea-b7ef-4c19-97dc-dd0c44fd6afe.jpg","profile_image_90":"https://media.dev.to/cdn-cgi/image/width=90,height=90,fit=cover,gravity=auto,format=auto/https%3A%2F%2Fdev-to-uploads.s3.amazonaws.com%2Fuploads%2Fuser%2Fprofile_image%2F87316%2Fa4cff5ea-b7ef-4c19-97dc-dd0c44fd6afe.jpg"}},{"type_of":"article","id":454620,"title":"Paul Arden: Quão grande você quer ser? Parte 1 — Sobre a excelência e feedbacks","description":"A felicidade é um incentivo singular à mediocridade” Michel Montaigne   Fazia um tempo que eu não es...","readable_publish_date":"Sep 13 '20","slug":"paul-arden-quao-grande-voce-quer-ser-parte-1-sobre-a-excelencia-e-feedbacks-357","path":"/arthurfnsc/paul-arden-quao-grande-voce-quer-ser-parte-1-sobre-a-excelencia-e-feedbacks-357","url":"https://dev.to/arthurfnsc/paul-arden-quao-grande-voce-quer-ser-parte-1-sobre-a-excelencia-e-feedbacks-357","comments_count":0,"public_reactions_count":2,"collection_id":null,"published_timestamp":"2020-09-13T00:55:33Z","positive_reactions_count":2,"cover_image":"https://res.cloudinary.com/practicaldev/image/fetch/s--rVjQB_cw--/c_imagga_scale,f_auto,fl_progressive,h_420,q_auto,w_1000/https://blogdogolddotcom.files.wordpress.com/2018/03/paul-arden-full-page2.jpg","social_image":"https://res.cloudinary.com/practicaldev/image/fetch/s--C3ZhzxIO--/c_imagga_scale,f_auto,fl_progressive,h_500,q_auto,w_1000/https://blogdogolddotcom.files.wordpress.com/2018/03/paul-arden-full-page2.jpg","canonical_url":"https://dev.to/arthurfnsc/paul-arden-quao-grande-voce-quer-ser-parte-1-sobre-a-excelencia-e-feedbacks-357","created_at":"2020-09-13T00:52:01Z","edited_at":"2020-09-13T06:09:19Z","crossposted_at":null,"published_at":"2020-09-13T00:55:33Z","last_comment_at":"2020-09-13T00:55:33Z","reading_time_minutes":7,"tag_list":["techleader","softskills","feedbacks","excellence"],"tags":"techleader, softskills, feedbacks, excellence","user":{"name":"Arthur Fonseca","username":"arthurfnsc","twitter_username":"arthurfnsc","github_username":"arthurfnsc","user_id":87316,"website_url":null,"profile_image":"https://media.dev.to/cdn-cgi/image/width=640,height=640,fit=cover,gravity=auto,format=auto/https%3A%2F%2Fdev-to-uploads.s3.amazonaws.com%2Fuploads%2Fuser%2Fprofile_image%2F87316%2Fa4cff5ea-b7ef-4c19-97dc-dd0c44fd6afe.jpg","profile_image_90":"https://media.dev.to/cdn-cgi/image/width=90,height=90,fit=cover,gravity=auto,format=auto/https%3A%2F%2Fdev-to-uploads.s3.amazonaws.com%2Fuploads%2Fuser%2Fprofile_image%2F87316%2Fa4cff5ea-b7ef-4c19-97dc-dd0c44fd6afe.jpg"}},{"type_of":"article","id":328405,"title":"Leadershipt in dev teams, how to become a tech leader?","description":"How to become a tech leader?","readable_publish_date":"May 5 '20","slug":"leadershipt-in-dev-teams-how-to-become-a-tech-leader-2ob3","path":"/cleysonlb/leadershipt-in-dev-teams-how-to-become-a-tech-leader-2ob3","url":"https://dev.to/cleysonlb/leadershipt-in-dev-teams-how-to-become-a-tech-leader-2ob3","comments_count":2,"public_reactions_count":4,"collection_id":null,"published_timestamp":"2020-05-05T20:12:55Z","positive_reactions_count":4,"cover_image":null,"social_image":"https://dev.to/social_previews/article/328405.png","canonical_url":"https://dev.to/cleysonlb/leadershipt-in-dev-teams-how-to-become-a-tech-leader-2ob3","created_at":"2020-05-05T20:12:55Z","edited_at":"2020-08-12T13:52:00Z","crossposted_at":null,"published_at":"2020-05-05T20:12:55Z","last_comment_at":"2023-12-22T21:02:09Z","reading_time_minutes":1,"tag_list":["leadership","techleader","career"],"tags":"leadership, techleader, career","user":{"name":"Cleyson Leal Braga","username":"cleysonlb","twitter_username":null,"github_username":"Cleysonlb","user_id":55366,"website_url":"https://github.com/Cleysonlb","profile_image":"https://media.dev.to/cdn-cgi/image/width=640,height=640,fit=cover,gravity=auto,format=auto/https%3A%2F%2Fdev-to-uploads.s3.amazonaws.com%2Fuploads%2Fuser%2Fprofile_image%2F55366%2F874aeaa1-96dc-4193-8fc3-3ecd305a8e44.jpeg","profile_image_90":"https://media.dev.to/cdn-cgi/image/width=90,height=90,fit=cover,gravity=auto,format=auto/https%3A%2F%2Fdev-to-uploads.s3.amazonaws.com%2Fuploads%2Fuser%2Fprofile_image%2F55366%2F874aeaa1-96dc-4193-8fc3-3ecd305a8e44.jpeg"}},{"type_of":"article","id":274891,"title":"O que é um Tech Leader em 2020?","description":"O que tem ocorrido muito no cenário das empresas de tecnologia é querer contratar apenas desenvolvedo...","readable_publish_date":"Mar 5 '20","slug":"o-que-e-um-tech-leader-em-2020-b83","path":"/alextrending/o-que-e-um-tech-leader-em-2020-b83","url":"https://dev.to/alextrending/o-que-e-um-tech-leader-em-2020-b83","comments_count":0,"public_reactions_count":30,"collection_id":null,"published_timestamp":"2020-03-05T15:38:20Z","positive_reactions_count":30,"cover_image":"https://media.dev.to/cdn-cgi/image/width=1000,height=420,fit=cover,gravity=auto,format=auto/https%3A%2F%2Fdev-to-uploads.s3.amazonaws.com%2Fi%2Fze8hiwpq6m13cbvuq3u0.jpeg","social_image":"https://media.dev.to/cdn-cgi/image/width=1000,height=500,fit=cover,gravity=auto,format=auto/https%3A%2F%2Fdev-to-uploads.s3.amazonaws.com%2Fi%2Fze8hiwpq6m13cbvuq3u0.jpeg","canonical_url":"https://dev.to/alextrending/o-que-e-um-tech-leader-em-2020-b83","created_at":"2020-03-05T15:38:20Z","edited_at":"2021-03-16T14:32:37Z","crossposted_at":null,"published_at":"2020-03-05T15:38:20Z","last_comment_at":"2020-03-05T15:38:20Z","reading_time_minutes":5,"tag_list":["techleader","lideranca","lider","tecnico"],"tags":"techleader, lideranca, lider, tecnico","user":{"name":"Alex Rios","username":"alextrending","twitter_username":"alextrending","github_username":"alexrios","user_id":292200,"website_url":"https://alexrios.dev","profile_image":"https://media.dev.to/cdn-cgi/image/width=640,height=640,fit=cover,gravity=auto,format=auto/https%3A%2F%2Fdev-to-uploads.s3.amazonaws.com%2Fuploads%2Fuser%2Fprofile_image%2F292200%2F7eed8d06-4c5c-45fb-9fab-a58d2c6c374c.jpg","profile_image_90":"https://media.dev.to/cdn-cgi/image/width=90,height=90,fit=cover,gravity=auto,format=auto/https%3A%2F%2Fdev-to-uploads.s3.amazonaws.com%2Fuploads%2Fuser%2Fprofile_image%2F292200%2F7eed8d06-4c5c-45fb-9fab-a58d2c6c374c.jpg"}}]