[{"type_of":"article","id":1958369,"title":"The Tower Moment: How to navigate major software changes and adapt to unforeseen challenges.","description":"The Tower Moment: Navigating Major Software Changes 🌪️   Ever felt like your software world...","readable_publish_date":"Aug 13","slug":"the-tower-moment-how-to-navigate-major-software-changes-and-adapt-to-unforeseen-challenges-4mdj","path":"/ankansaha/the-tower-moment-how-to-navigate-major-software-changes-and-adapt-to-unforeseen-challenges-4mdj","url":"https://dev.to/ankansaha/the-tower-moment-how-to-navigate-major-software-changes-and-adapt-to-unforeseen-challenges-4mdj","comments_count":0,"public_reactions_count":0,"collection_id":null,"published_timestamp":"2024-08-13T23:16:52Z","positive_reactions_count":0,"cover_image":null,"social_image":"https://media.dev.to/cdn-cgi/image/width=1000,height=500,fit=cover,gravity=auto,format=auto/https%3A%2F%2Fdev-to-uploads.s3.amazonaws.com%2Fuploads%2Farticles%2Fdeb8u5wrbowd5p2wmut7.png","canonical_url":"https://dev.to/ankansaha/the-tower-moment-how-to-navigate-major-software-changes-and-adapt-to-unforeseen-challenges-4mdj","created_at":"2024-08-13T23:16:52Z","edited_at":null,"crossposted_at":null,"published_at":"2024-08-13T23:16:52Z","last_comment_at":"2024-08-13T23:16:52Z","reading_time_minutes":1,"tag_list":["softwaredevelopment","changemanagement","technicalleadership"],"tags":"softwaredevelopment, changemanagement, technicalleadership","user":{"name":"Ankan Saha","username":"ankansaha","twitter_username":null,"github_username":"AnkanSaha","user_id":1111140,"website_url":null,"profile_image":"https://media.dev.to/cdn-cgi/image/width=640,height=640,fit=cover,gravity=auto,format=auto/https%3A%2F%2Fdev-to-uploads.s3.amazonaws.com%2Fuploads%2Fuser%2Fprofile_image%2F1111140%2F6f299c22-fd6a-49fe-92f2-92fcd7e2cca4.jpeg","profile_image_90":"https://media.dev.to/cdn-cgi/image/width=90,height=90,fit=cover,gravity=auto,format=auto/https%3A%2F%2Fdev-to-uploads.s3.amazonaws.com%2Fuploads%2Fuser%2Fprofile_image%2F1111140%2F6f299c22-fd6a-49fe-92f2-92fcd7e2cca4.jpeg"}},{"type_of":"article","id":1360909,"title":"Working on legacy code-bases can make us better developers, here is why.","description":"legacy code bases might be overwhelming and cause burnout, but can also reveal as a great learning opportunity. ","readable_publish_date":"Feb 15 '23","slug":"working-on-legacy-code-bases-can-make-us-better-developers-here-is-why-n6g","path":"/dvddpl/working-on-legacy-code-bases-can-make-us-better-developers-here-is-why-n6g","url":"https://dev.to/dvddpl/working-on-legacy-code-bases-can-make-us-better-developers-here-is-why-n6g","comments_count":0,"public_reactions_count":7,"collection_id":null,"published_timestamp":"2023-02-15T18:51:29Z","positive_reactions_count":7,"cover_image":"https://media.dev.to/cdn-cgi/image/width=1000,height=420,fit=cover,gravity=auto,format=auto/https%3A%2F%2Fdev-to-uploads.s3.amazonaws.com%2Fuploads%2Farticles%2Fp491dlmr1qji0lpxbmwu.png","social_image":"https://media.dev.to/cdn-cgi/image/width=1000,height=500,fit=cover,gravity=auto,format=auto/https%3A%2F%2Fdev-to-uploads.s3.amazonaws.com%2Fuploads%2Farticles%2Fp491dlmr1qji0lpxbmwu.png","canonical_url":"https://dev.to/dvddpl/working-on-legacy-code-bases-can-make-us-better-developers-here-is-why-n6g","created_at":"2023-02-10T15:13:07Z","edited_at":"2023-02-16T07:26:05Z","crossposted_at":null,"published_at":"2023-02-15T18:51:29Z","last_comment_at":"2023-02-15T18:51:29Z","reading_time_minutes":6,"tag_list":["mentalhealth","softwaredevelopment","technicalleadership","career"],"tags":"mentalhealth, softwaredevelopment, technicalleadership, career","user":{"name":"Davide de Paolis","username":"dvddpl","twitter_username":null,"github_username":"dvddpl","user_id":132615,"website_url":"https://instagram.com/ddepaolis.solving.problems","profile_image":"https://media.dev.to/cdn-cgi/image/width=640,height=640,fit=cover,gravity=auto,format=auto/https%3A%2F%2Fdev-to-uploads.s3.amazonaws.com%2Fuploads%2Fuser%2Fprofile_image%2F132615%2Fc7c6d1d6-2cb8-4d37-9908-3f1393e2e7ff.png","profile_image_90":"https://media.dev.to/cdn-cgi/image/width=90,height=90,fit=cover,gravity=auto,format=auto/https%3A%2F%2Fdev-to-uploads.s3.amazonaws.com%2Fuploads%2Fuser%2Fprofile_image%2F132615%2Fc7c6d1d6-2cb8-4d37-9908-3f1393e2e7ff.png"}},{"type_of":"article","id":549301,"title":"5 points on a technical leadership role","description":"A tech lead position opportunity might give you some doubts. Don't be afraid!","readable_publish_date":"Dec 22 '20","slug":"5-points-on-a-technical-leadership-role-17f6","path":"/ferno/5-points-on-a-technical-leadership-role-17f6","url":"https://dev.to/ferno/5-points-on-a-technical-leadership-role-17f6","comments_count":0,"public_reactions_count":14,"collection_id":null,"published_timestamp":"2020-12-22T02:07:21Z","positive_reactions_count":14,"cover_image":"https://res.cloudinary.com/practicaldev/image/fetch/s--6hgiuuLZ--/c_imagga_scale,f_auto,fl_progressive,h_420,q_auto,w_1000/https://images.unsplash.com/photo-1517520287167-4bbf64a00d66","social_image":"https://res.cloudinary.com/practicaldev/image/fetch/s--4kJrzqlx--/c_imagga_scale,f_auto,fl_progressive,h_500,q_auto,w_1000/https://images.unsplash.com/photo-1517520287167-4bbf64a00d66","canonical_url":"https://dev.to/ferno/5-points-on-a-technical-leadership-role-17f6","created_at":"2020-12-22T02:06:30Z","edited_at":null,"crossposted_at":null,"published_at":"2020-12-22T02:07:21Z","last_comment_at":"2020-12-22T02:07:21Z","reading_time_minutes":5,"tag_list":["techlead","technicalleader","technicalleadership"],"tags":"techlead, technicalleader, technicalleadership","user":{"name":"Ferno","username":"ferno","twitter_username":"FernoRP90","github_username":"fer90","user_id":62867,"website_url":"https://fernopereira.ar","profile_image":"https://media.dev.to/cdn-cgi/image/width=640,height=640,fit=cover,gravity=auto,format=auto/https%3A%2F%2Fdev-to-uploads.s3.amazonaws.com%2Fuploads%2Fuser%2Fprofile_image%2F62867%2F7a25d368-1418-4a89-9bfe-f7ae542fce09.jpeg","profile_image_90":"https://media.dev.to/cdn-cgi/image/width=90,height=90,fit=cover,gravity=auto,format=auto/https%3A%2F%2Fdev-to-uploads.s3.amazonaws.com%2Fuploads%2Fuser%2Fprofile_image%2F62867%2F7a25d368-1418-4a89-9bfe-f7ae542fce09.jpeg"}},{"type_of":"article","id":454822,"title":"7 Steps to Technical Leadership","description":"I work as a Technical Leader since 2016. During these years the most important lesson I learned is th...","readable_publish_date":"Oct 10 '20","slug":"7-steps-to-technical-leadership-2noo","path":"/magdamiu/7-steps-to-technical-leadership-2noo","url":"https://dev.to/magdamiu/7-steps-to-technical-leadership-2noo","comments_count":0,"public_reactions_count":9,"collection_id":null,"published_timestamp":"2020-10-10T20:38:03Z","positive_reactions_count":9,"cover_image":null,"social_image":"https://dev.to/social_previews/article/454822.png","canonical_url":"https://medium.com/@magdamiu/7-steps-to-technical-leadership-4e3351f3519b","created_at":"2020-09-13T09:42:06Z","edited_at":null,"crossposted_at":"2020-10-10T20:38:03Z","published_at":"2020-09-12T09:00:00Z","last_comment_at":"2020-09-12T09:00:00Z","reading_time_minutes":7,"tag_list":["coaching","team","leadership","technicalleadership"],"tags":"coaching, team, leadership, technicalleadership","user":{"name":"Magda Miu","username":"magdamiu","twitter_username":"MagdaMiu","github_username":"magdamiu","user_id":206739,"website_url":"https://magdamiu.com/","profile_image":"https://media.dev.to/cdn-cgi/image/width=640,height=640,fit=cover,gravity=auto,format=auto/https%3A%2F%2Fdev-to-uploads.s3.amazonaws.com%2Fuploads%2Fuser%2Fprofile_image%2F206739%2F6b783732-4b96-4b22-998e-4e79e3a9899e.png","profile_image_90":"https://media.dev.to/cdn-cgi/image/width=90,height=90,fit=cover,gravity=auto,format=auto/https%3A%2F%2Fdev-to-uploads.s3.amazonaws.com%2Fuploads%2Fuser%2Fprofile_image%2F206739%2F6b783732-4b96-4b22-998e-4e79e3a9899e.png"}},{"type_of":"article","id":89265,"title":"A technical leadership lesson from interacting with folks outside of engineering","description":"At work, I have the privilege of interacting with folks from other (non-engineering) teams often. I...","readable_publish_date":"Mar 8 '19","slug":"a-technical-leadership-lesson-from-interacting-with-folks-outside-of-engineering-416n","path":"/flopi/a-technical-leadership-lesson-from-interacting-with-folks-outside-of-engineering-416n","url":"https://dev.to/flopi/a-technical-leadership-lesson-from-interacting-with-folks-outside-of-engineering-416n","comments_count":2,"public_reactions_count":5,"collection_id":null,"published_timestamp":"2019-03-08T02:30:46Z","positive_reactions_count":5,"cover_image":"https://res.cloudinary.com/practicaldev/image/fetch/s--P42kEqPd--/c_imagga_scale,f_auto,fl_progressive,h_420,q_auto,w_1000/https://thepracticaldev.s3.amazonaws.com/i/bb0cqq3xw6nunm8b6z6s.png","social_image":"https://res.cloudinary.com/practicaldev/image/fetch/s--25_IhQMJ--/c_imagga_scale,f_auto,fl_progressive,h_500,q_auto,w_1000/https://thepracticaldev.s3.amazonaws.com/i/bb0cqq3xw6nunm8b6z6s.png","canonical_url":"https://dev.to/flopi/a-technical-leadership-lesson-from-interacting-with-folks-outside-of-engineering-416n","created_at":"2019-03-08T02:30:37Z","edited_at":null,"crossposted_at":null,"published_at":"2019-03-08T02:30:46Z","last_comment_at":"2020-03-22T14:58:26Z","reading_time_minutes":2,"tag_list":["technicalleadership"],"tags":"technicalleadership","user":{"name":"Flo P","username":"flopi","twitter_username":"FloInNYC_","github_username":"flopotok","user_id":105190,"website_url":null,"profile_image":"https://media.dev.to/cdn-cgi/image/width=640,height=640,fit=cover,gravity=auto,format=auto/https%3A%2F%2Fdev-to-uploads.s3.amazonaws.com%2Fuploads%2Fuser%2Fprofile_image%2F105190%2F57233942-823a-428d-9e9c-7bfab50b266e.png","profile_image_90":"https://media.dev.to/cdn-cgi/image/width=90,height=90,fit=cover,gravity=auto,format=auto/https%3A%2F%2Fdev-to-uploads.s3.amazonaws.com%2Fuploads%2Fuser%2Fprofile_image%2F105190%2F57233942-823a-428d-9e9c-7bfab50b266e.png"}}]